,query_id,product_id,score,brand,title,document
0,13357,B015FMZ4MQ,0.834940493106842,HOGAR24,HOGAR24 Base TAPIZADA + SIN Patas con Tejido 3D Y VÁLVULAS DE TRANSPIRACIÓN-160x200cm (2 Bases DE 80CM con Abrazadera),"HOGAR24 Base TAPIZADA + SIN Patas con Tejido 3D Y VÁLVULAS DE TRANSPIRACIÓN-160x200cm (2 Bases DE 80CM con Abrazadera). Marca: HOGAR24. Color: Sin Patas. Características: Base tapizada con tejido 3D transpirable, incorpora el exclusivo sistema Air Fresh 3D System, cuyos componentes han sido diseñados específicamente para facilitar una completa aireación y ventilación del equipo de descanso. A diferencia de las bases tapizadas convencionales, el tablero de kraft corrugado de alta resistencia es menos pesado y más fácil de mover que el tablero de madera aglomerada. Todas las medidas vienen preparadas para instalar 6 patas, excepto la medida de 150 que incorpora 7 patas. Incorpora tres barras transversales para un mayor refuerzo. Las bases tapizadas de 160 y 180 cm de ancho, se componen de 2 bases tapizadas de 80 o 90 cm unidas mediante pletina de unión. Estas medidas incorporan 12 patas. La base se entrega montada, sólo es necesario roscar las patas sin necesidad de utilizar herramientas de montaje. Fabricado en España, garantía de satisfacción 100%.. Descripción: Base tapizada con tejido 3D transpirable, incorpora el exclusivo sistema Air Fresh 3D System, cuyos componentes han sido diseñados específicamente para facilitar una completa aireación y ventilación del equipo de descanso. A diferencia de las bases tapizadas convencionales, el tablero de kraft corrugado de alta resistencia es menos pesado y más fácil de mover que el tablero de madera aglomerada. Todas las medidas vienen preparadas para instalar 6 patas, excepto la medida de 150 que incorpora 7 patas. Incorpora tres barras transversales para un mayor refuerzo. Las bases tapizadas de 160 y 180 cm de ancho, se componen de 2 bases tapizadas de 80 o 90 cm unidas mediante pletina de unión. Estas medidas incorporan 12 patas. La base se entrega montada, sólo es necesario roscar las patas sin necesidad de utilizar herramientas de montaje. Fabricado en España, garantía de satisfacción 100%."
1,13357,B01MV80F5C,0.8183243870735168,ventadecolchones.com,Ventadecolchones - Base Tapizada Modelo Drago con Sistema Antiruido Sin Patas 3D Beige Medida 160 x 200 cm,"Ventadecolchones - Base Tapizada Modelo Drago con Sistema Antiruido Sin Patas 3D Beige Medida 160 x 200 cm. Marca: ventadecolchones.com. Color: 3d Beige. Características: 3 años de Garantía. Alto: 6 cm ± 0.5 cm. Alto con patas: 32cm ± 1 cm. Fácil montaje. Envío gratis en planta baja. Subida y montaje opcional para la provincia de Madrid por 29 €. Para el resto de España 39€, si necesita subida y montaje consúltenos. No se hacen envíos a Canarias. Base tapizada: Tejido 3D. Características: Esquinas redondeadas, excepto cuando se eligan 2 unds. de base tapizada unida, que llevarán las esquinas interiores rectas y las exteriores curvas como aparece en la foto e incorporarán pletinas de unión.. Descripción: Base tapizada Standard: Tapa lisa fabricada con estructura metálica de tubo de acero muy resistente de 30x30 mm con 5 barras transversales (3 interiores + 2 exteriores) y con tablero de madera de partículas integrado de 10 mm. No llevan incluidas patas. Llevan sistema antirruido incluído. La base de cama esta tapizado en tejido 3D de colores muy resistente y antideslizante. Esta malla 3D consigue una perfecta transpiración para su colchón."
2,13357,B07S946NHS,0.8035002946853638,HOGAR24 ES,"HOGAR24 ES Base tapizada 135 x 190 Reforzada sin Patas, tapizado 3D Color Negro + 4 válvulas de transpiración.","HOGAR24 ES Base tapizada 135 x 190 Reforzada sin Patas, tapizado 3D Color Negro + 4 válvulas de transpiración.. Marca: HOGAR24 ES. Color: Negro. Características: Base tapizada con tejido 3D transpirable, incorpora el exclusivo sistema Air Fresh 3D System, cuyos componentes han sido diseñados específicamente para facilitar una completa aireación y ventilación del equipo de descanso. A diferencia de las bases tapizadas convencionales, el tablero de kraft corrugado de alta resistencia es menos pesado y más fácil de mover que el tablero de madera aglomerada. Todas las medidas vienen preparadas para instalar 6 patas, excepto la medida de 150 que incorpora 7 patas. Incorpora tres barras transversales para un mayor refuerzo. Las bases tapizadas de 160 y 180 cm de ancho, se componen de 2 bases tapizadas de 80 o 90 cm unidas mediante pletina de unión. Estas medidas incorporan 12 patas. La base se entrega montada, sólo es necesario roscar las patas sin necesidad de utilizar herramientas de montaje. Fabricado en España, garantía de satisfacción 100%."
3,13357,B07S852KTG,0.8022066354751587,HOGAR24 ES,"HOGAR24 ES Base tapizada 150 x 190 Sin Patas, 5 Barras de Refuerzo. Tapizado 3D Color Gris + 4 válvulas de transpiración.","HOGAR24 ES Base tapizada 150 x 190 Sin Patas, 5 Barras de Refuerzo. Tapizado 3D Color Gris + 4 válvulas de transpiración.. Marca: HOGAR24 ES. Color: Gris. Características: Base tapizada con tejido 3D transpirable, incorpora el exclusivo sistema Air Fresh 3D System, cuyos componentes han sido diseñados específicamente para facilitar una completa aireación y ventilación del equipo de descanso. A diferencia de las bases tapizadas convencionales, el tablero de kraft corrugado de alta resistencia es menos pesado y más fácil de mover que el tablero de madera aglomerada. Todas las medidas vienen preparadas para instalar 6 patas, excepto la medida de 150 que incorpora 7 patas. Incorpora cinco barras transversales para un mayor refuerzo. Las bases tapizadas de 160 y 180 cm de ancho, se componen de 2 bases tapizadas de 80 o 90 cm unidas mediante pletina de unión. Estas medidas incorporan 12 patas. La base se entrega montada, sólo es necesario roscar las patas sin necesidad de utilizar herramientas de montaje. Fabricado en España, garantía de satisfacción 100%."
4,13357,B09BW133YW,0.796930193901062,Cabeceroscamas,"Base tapizada Reforzada (SIN Patas), 3D Transpirable Antideslizante, Todas Las Medidas y Colores Disponibles (Wengue, 90x180)","Base tapizada Reforzada (SIN Patas), 3D Transpirable Antideslizante, Todas Las Medidas y Colores Disponibles (Wengue, 90x180). Marca: Cabeceroscamas. Color: Wengue. Características: Base tapizada en tejido 3D perforado transpirable antideslizante ( SIN PATAS ) ( Puede que la entrega sea a pie de calle en la puerta de su domicilio sin la subida ) Opción de poder subirlo a domicilio contratando servicio aparte en el teléfono 626702136. Descripción: Bases tapizadas reforzadas con una fuerte y resistente estructura metálica de tubo de 30×30 sobre su estructura de 7 barras transversales , posterior colocado de tablero de aglomerado prensado de 10mm haciendo así una base tapizada reforzada muy resistente , recubierta de una capa de fibra siliconada de 2,5cmt (grosor) para su posterior tapizado en rejilla 3D, que le darán un toque acolchado, donde tendrá una gran variedad de colores donde elegir….. ESTRUCTURA: Estructura metálica de tubo de 30×30 5 Barras de refuerzo transversales de 30×30 Tablero de aglomerado prensado de 10mm Chapas de rosca para su posterior colocación de las patas SOMOS FABRICANTES , DISEÑAMOS CUALQUIER MEDIDA DE BASES TAPIZADAS REFORZADAS, DESDE UNA BASE TAPIZADA DE 80X180cmt HASTA UNA BASE TAPIZADA DE 200X200cmt Si tiene cualquier duda o información no dude en contactar con nosotros para asesorarle sobre nuestras bases tapizadas reforzadas ( SISTEMA COMPLEJO DE UNIÓN PARA LAS BASES DOBLES POR LA PARTE POSTERIOR DE LA BASE TAPIZADA CON 3 ANCLAJES Y 12 PATAS METÁLICAS ) 2 Años de garantía por defecto de fabricación Grosor total de la base tapizada 6/7cmt ( sin las patas ) ( altura de las patas 27cmt aprox ) FABRICADO EN ESPAÑA ( todas las entregas se hacen a pie de calle por norma general , si no especificar a la hora de hacer el pedido) FABRICADO POR: cabeceroscamas.com NOTA IMPORTANTE: Toda mercancía que se reciba y no este en buenas condiciones tanto el embalaje como la mercancía en si , se debe de comunicar a el repartidor a la hora de hacer la entrega, incluso si está en malas condiciones no recibir la mercancía para su posterior devolución y reemplazo de la misma , de no ser así y recoger la mercancía está conforme en las condiciones de entrega a la hora de firmar a el repartidor, en caso de tener que devolver la mercancía defectuosa una vez recepcionada y firmado en conforme de entrega puede conllevar gastos adicionales por la devolución."
5,13357,B07DBQNP1X,0.7944046854972839,Miroytengo,"Nuevo Base Tapizada Gris Marengo 5 Refuerzos Transversales, Tubo 40x30 Mm, Tejido 3D Transpirable, 6cm Grosor (150x190, Sin Patas)","Nuevo Base Tapizada Gris Marengo 5 Refuerzos Transversales, Tubo 40x30 Mm, Tejido 3D Transpirable, 6cm Grosor (150x190, Sin Patas). Marca: Miroytengo. Color: Gris. Características: ✅ Perfecta BASE TAPIZADA con un grosor total de de 6 CM, una superficie siempre firme y duradera que no te fallará. Base tapizada en color gris marengo multiperforada y mejorada con tejido 3D transpirable, un material innovador que permite que la base se adapte a la temperatura de tu cuerpo además de obtener una mejora en la ventilación y altos niveles de transpiración. Esto te evitará posibles problemas futuros como las humedades, hongos u olores. ¡No te arrepentirás de esta elección! ✅ Esta base tapizada cuenta con estructura de 5 refuerzos transversales fabricados en acero integrados en el tablero de DM. Esto es una ventaja, ya que la mayoría de esta gama de bases suelen tener solamente 3 refuerzos, por lo que nuestra base garantiza un mayor nivel de firmeza y durabilidad. ✅ Su estructura de acero con tubo de 40x30 mm, es más gruesa que las del resto de bases, lo cual te garantizará una mayor firmeza y más resistencia, permitiéndote conservarla durante más tiempo. ✅ Si eliges con patas, incluye 6 patas cilíndricas metálicas con sistema anti-ruido, de 25cm de altura, 5cm de diámetro y rosca de 10mm. ✅ Se trata de un producto de excelente relación calidad-precio. Elige entre todas las medidas la que más se ajuste a tus necesidades y si la prefieres con o sin patas.. Descripción: Perfecta BASE TAPIZADA con un grosor total de de 6 CM, una superficie siempre firme y duradera que no te fallará. Base tapizada en color gris marengo multiperforada y mejorada con tejido 3D transpirable, un material innovador que permite que la base se adapte a la temperatura de tu cuerpo además de obtener una mejora en la ventilación y altos niveles de transpiración. Esto te evitará posibles problemas futuros como las humedades, hongos u olores. ¡No te arrepentirás de esta elección! Esta base tapizada cuenta con estructura de 5 refuerzos transversales fabricados en acero integrados en el tablero de DM. Esto es una ventaja, ya que la mayoría de esta gama de bases suelen tener solamente 3 refuerzos, por lo que nuestra base garantiza un mayor nivel de firmeza y durabilidad. Su estructura de acero con tubo de 40x30 mm, es más gruesa que las del resto de bases, lo cual te garantizará una mayor firmeza y más resistencia, permitiéndote conservarla durante más tiempo. Si eliges con patas, incluye 6 patas cilíndricas metálicas con sistema anti-ruido, de 25cm de altura, 5cm de diámetro y rosca de 10mm. Se trata de un producto de excelente relación calidad-precio. Elige entre todas las medidas la que más se ajuste a tus necesidades y si la prefieres con o sin patas. ¡FABRICACIÓN NACIONAL!"
6,13357,B078WV3BL1,0.7851613759994507,HOGAR24,"HOGAR24 Base Tapizada con 5 Barras Transversales y Tejido 3D Color Gris + 6 Patas de Metal 32cm, 135x190cm","HOGAR24 Base Tapizada con 5 Barras Transversales y Tejido 3D Color Gris + 6 Patas de Metal 32cm, 135x190cm. Marca: HOGAR24. Color: Patas 32 Cm. Características: Base tapizada con tejido 3D transpirable, incorpora el exclusivo sistema Air Fresh 3D System, cuyos componentes han sido diseñados específicamente para facilitar una completa aireación y ventilación del equipo de descanso. A diferencia de las bases tapizadas convencionales, el tablero de kraft corrugado de alta resistencia es menos pesado y más fácil de mover que el tablero de madera aglomerada. Todas las medidas vienen preparadas para instalar 6 patas, excepto la medida de 150 que incorpora 7 patas. Incorpora cinco barras transversales para un mayor refuerzo. Las bases tapizadas de 160 y 180 cm de ancho, se componen de 2 bases tapizadas de 80 o 90 cm unidas mediante pletina de unión. Estas medidas incorporan 12 patas. La base se entrega montada, sólo es necesario roscar las patas sin necesidad de utilizar herramientas de montaje. Fabricado en España, garantía de satisfacción 100%."
7,13357,B0937C9GTY,0.7849620580673218,DUÉRMETE ONLINE,"Duérmete Online - Base Tapizada Reforzada, Anti ruido con 5 Barras de Refuerzo, Apta para cualquier tipo de colchón, 6 Patas metálicas roscadas de 27cm, 150x190, Negro","Duérmete Online - Base Tapizada Reforzada, Anti ruido con 5 Barras de Refuerzo, Apta para cualquier tipo de colchón, 6 Patas metálicas roscadas de 27cm, 150x190, Negro. Marca: DUÉRMETE ONLINE. Color: Negro. Características: Base tapizada fabricada con estructura metálica reforzada de acero con 5 barras transversales, estructura metálica en tubo de 30 x 30 mm; sobre esta estructura apoya un tablero de cardboard extra duro y resistente La base está tapizada con tejido de malla transpirable, con propiedades antideslizantes, para evitar que el colchón se desplace; además, favorece la ventilación del colchón Incluye juego de 6 patas metálicas cilíndricas de altura 27cm; se unen a la base tapizada mediante rosca, con tapón para protejer el suelo de arañazos La base tapizada no precisa de montaje ni herramientas, tan sólo hay que roscar las patas que vienen incluidas Base apta para cualquier tipo de colchón. Producto de confianza, fabricado en España"
8,13357,B096W9CNHN,0.7838969230651855,Dreaming Kamahaus,Dreaming Kamahaus Base Tapizada con Tejido 3D AirFresh | Color Gris | 7 Barras transversales | Estructura metálica 40x30mm | Tablero Perforado | 90 x 200 cm | Sin Patas,"Dreaming Kamahaus Base Tapizada con Tejido 3D AirFresh | Color Gris | 7 Barras transversales | Estructura metálica 40x30mm | Tablero Perforado | 90 x 200 cm | Sin Patas. Marca: Dreaming Kamahaus. Características: BASE TAPIZADA en tejido 3D AIRFRESH. Altamente resistente y transpirable. Tablero de 10mm perforado de serie. Madera aglomerada de gran resistencia y estabilidad. Estructura metálica con 7 BARRAS TRANSVERSALES de refuerzo. Tejido 3D AirFresh en color gris. Mayor transpirabilidad. Preparada para 6, 7, 9 o 12 patas según medida. Rosca métrica de 10mm para enroscar. Tamaño a su elección Fabricado en España, cumpliendo las normativas europeas. Garantía de 2 años. ⚠️ ENVÍO: A la hora de realizar el pedido, tenga en cuenta que la agencia de transportes puede no subirla a su casa y depositarla en el portal. El coste de envío para Canarias, Ceuta y Melilla no incluye tasas de importación, tenga en cuenta que puede tener que realizar pagos adicionales con la recogida del producto.. Descripción: <p><b>Características:</b></p> <p><b>BASE TAPIZADA CON TEJIDO 3D AIRFRESH. </b> Altamente resistente y con una larga durabilidad gracas a: </p> <p>- Madera aglomerada muy resistente y estable; tablero de 10 mm. </p> <p>- Bastidor metálico con 7 barras trasversales de refuerzo. Evita hundimientos. </p> <p>- Altura de la base: ±5cm</p> <p>- Nuestra base está preparada para 6-12 patas según la medida para ofrecer una mayor estabilidad. </p> <p><b>BASE TOTALMENTE TRANSPIRABLE. </b></p> <p>- El colchón se conservará mejor debido a la transpiración y ventilación de la base. <p> <p>- Su tejido tapizado en 3D AIRFRESH hace que sea ultra transpirable y antideslizante por el que el aire circula con gran facilidad por su cámara de aire. </p> <p>- Tablero perforado de serie que permite circular el aire y ventilar el colchón. </p> <p><b>PERSONALIZABLE. </b></p> <p>- <b>Podrás elegir la medida necesaria para tu colchón. </b> Las medidas de 160cm y 180 cm estarán compuestas por 2 bases de 80cm y 90cm respectivamente. Estas incluirán las pletinas de unión para las bases. </p> <p>- También podrás elegir la altura de las patas: <b>10cm, 15cm, 20cm, 25cm, 28cm, 30cm, 35cm o 40cm. </b> </p> <p><b>CONFIANZA. </b></p> <p>- Garantía y compromiso de calidad. Producto <b>fabricado en España</b> bajo las normativas europeas. Utilizamos productos de procedencia natural para reducir el impacto sobre el medioambiente. Los tejidos utilizados cuentan con el certificado <b>Oeko-tex</b> que garantiza que están libres de sustancias tóxicas. 2 años de garantía. </p> <p><b>AVISOS IMPORTANTES. </b></p><p>- Al ser un producto de gran tamaño, la empresa de transportes puede no subirlo a la puerta de su casa, realizando la entrega en el portal de su edificio. Por favor, asegúrese de que nos proporciona un número de teléfono actualizado. Las bases deben ser usadas con todas las patas para las que van preparadas. En caso contrario, quedarán exentas de garantía. </p>"
9,13357,B00T9Y8TQA,0.7831876277923584,HOGAR24,HOGAR24 Base TAPIZADA + 6 Patas DE Metal con Tejido 3D Y VÁLVULAS DE TRANSPIRACIÓN-135x190cm-PATAS 26CM,"HOGAR24 Base TAPIZADA + 6 Patas DE Metal con Tejido 3D Y VÁLVULAS DE TRANSPIRACIÓN-135x190cm-PATAS 26CM. Marca: HOGAR24. Color: Beige. Características: Base tapizada con tejido 3D transpirable, incorpora el exclusivo sistema Air Fresh 3D System, cuyos componentes han sido diseñados específicamente para facilitar una completa aireación y ventilación del equipo de descanso. A diferencia de las bases tapizadas convencionales, el tablero de kraft corrugado de alta resistencia es menos pesado y más fácil de mover que el tablero de madera aglomerada. Todas las medidas vienen preparadas para instalar 6 patas, excepto la medida de 150 que incorpora 7 patas. Incorpora tres barras transversales para un mayor refuerzo. Las bases tapizadas de 160 y 180 cm de ancho, se componen de 2 bases tapizadas de 80 o 90 cm unidas mediante pletina de unión. Estas medidas incorporan 12 patas. La base se entrega montada, sólo es necesario roscar las patas sin necesidad de utilizar herramientas de montaje. Fabricado en España, garantía de satisfacción 100%."
10,18868,B07H97VGBP,0.7927829027175903,Logobeing,"Logobeing Botines Mujer Tacon Invierno Planos Tacon Ancho Piel Botas de Mujer Medio Zapatos Combat Casual Planas Zapatos de Plataforma-5850(39,Marrón)","Logobeing Botines Mujer Tacon Invierno Planos Tacon Ancho Piel Botas de Mujer Medio Zapatos Combat Casual Planas Zapatos de Plataforma-5850(39,Marrón). Marca: Logobeing. Color: Marrón. Características: Preciosos! muy cómodas Elegancia casual, Vale la pena,perfectas para trabajo tipo ejecutiva. Botines de Cuero Estilo Botines de tipo combat , muy utilizables para el día a día Estos botines vienen quedan chulos tanto con vaqueros como con pantalones negros y vestidos.Unos bonitos botines para cualquier ocasión y que no pasan de moda. Botas Piel de Caña mujer slippers mujer zapatillas de plataforma zapatos de moda mujer,Logobeing ofrece una experiencia de compra 100% de satisfacción del cliente.. Descripción: <br><b>❤️❤️ Logobeing ofrece una experiencia de compra 100% de satisfacción del cliente. </b> <br> <br><b>❤️❤️❤️ Si tiene alguna pregunta o inquietud, contáctenos tan pronto como sea posible, le brindaremos la mejor solución. El 100% de los compradores aceptará nuestra solución. sudadera <br><br>❤️Bienvenido a comprar nuestros productos:zapatos mujer Hombre / zapatos bebe, ropa bebe, mujer ropa, pantalones, Funda Cojines, Bikini Mujer 2018, bolsos mujer baratos/Bolsos de Hombro, Zapatillas Deportivas,Pantalones Mujer(^ _ ^) </b> <br> <br> <br> <br><br>Preciosos! muy cómodas Elegancia casual, Vale la pena,perfectas para trabajo tipo ejecutiva. <br><br>Queda perfecto con unos vaqueros por encima del tobillo, faldas y vestidos a media pierna. <br><br>Zapatillas Moda - Botines de Cuero Mujer-Material de la suela sintético"
11,18868,B06X9WSSLL,0.7841299772262573,find.,"find. Buck, Botas para Mujer, Marrón (Brown 03), 40 EU","find. Buck, Botas para Mujer, Marrón (Brown 03), 40 EU. Marca: find.. Color: Marrón Brown 03. Características: Cremallera lateral Botas de caña media Tacón medio y grueso Corte geométrico en el empeine Horma estrecha"
12,18868,B07XBNRNZQ,0.7783104181289673,ALPE,Botín Alpe 4517 Marrón para Mujer 39 marrón,Botín Alpe 4517 Marrón para Mujer 39 marrón. Marca: ALPE. Color: Marrón. Descripción: Botín de piel de color marrón. Cierre mediante tiras elásticas. Interior de tela. Suela sintética con una altura de tacón de 8cm. Hecho en España.
13,18868,B07PL1648Y,0.7725319862365723,XTI,"XTI 35120, Botines Mujer, Marrón (Camel Camel), 41 EU","XTI 35120, Botines Mujer, Marrón (Camel Camel), 41 EU. Marca: XTI. Color: Marrón Camel Camel"
14,18868,B07B5N8K7B,0.7660070657730103,Pikolinos,Pikolinos Botines Pompeya W9t para Señora Color Cuero Talla 38,"Pikolinos Botines Pompeya W9t para Señora Color Cuero Talla 38. Marca: Pikolinos. Color: Cuero. Características: 1-corte: 100% piel vacuno. 4-forro interior: 25% piel, 75% textil. 6-suela: 100% sintética Color cuero. Cierre con cremallera lateral. Altura total caña 9,8 cm. Altura tacón 8,5 cm. Contorno total 25 cm Quitar los cordones. Retirar el exceso de suciedad con una bayeta húmeda. Dejar secar y aplicar la crema. Una vez secos, frotar con una bayeta seca. Una capa de cera de abejas le aportará luminosidad. Las hormas de nuestros modelos son ligeramente amplias para garantizar el máximo confort. Consulta nuestra guía de tallas para elegir el número correcto. Todas las pieles de los productos Pikolinos están tratadas con cera natural de abejas dándole al zapato un brillo y aspecto especial. Esto hace que cada par de zapatos de nuestra colección sea único."
15,18868,B071RN7FHT,0.7626389265060425,find.,"find. Botines Chelsea de Ante para Mujer, Marrón (Congo), 38 EU","find. Botines Chelsea de Ante para Mujer, Marrón (Congo), 38 EU. Marca: find.. Color: Marrón Congo. Características: Suela media y tacón bajo Detalle de costura con pespunte Efecto ante desgastado Estilo Chelsea Precio mínimo en los 30 días previos a la oferta: 29.52€"
16,18868,B07VQJFQBD,0.7622109651565552,ALPE,Alpe 43721119 - Botines Mujer Marrón Talla 41,"Alpe 43721119 - Botines Mujer Marrón Talla 41. Marca: ALPE. Color: Marrón. Descripción: Botines Alpe 43721119 mujer. Preciosos botines de estilo campero para mujer. Elaborados con nobuck de color marrón castaño, con detalles en el lateral y una lengüeta para facilitar su calce. Tiene un leve tacón de 4 cm de altura."
17,18868,B079Q8V9HG,0.7600390911102295,Rocket Dog,"Rocket Dog Shayne, Botines Mujer, Marrón Tribal Brown Coast, Numeric_36 EU","Rocket Dog Shayne, Botines Mujer, Marrón Tribal Brown Coast, Numeric_36 EU. Marca: Rocket Dog. Color: Marrón Tribal Brown Coast Tribal Brown Coast. Características: Rocket Dog Shayne Botines Altura del tacón: 6,5 cm Tacón occidental Con lengüetas"
18,18868,B0714N7942,0.7536779642105103,find.,"find. Botines de Ante con Hebilla para Mujer, Marrón (Tan), 37 EU","find. Botines de Ante con Hebilla para Mujer, Marrón (Tan), 37 EU. Marca: find.. Color: Marrón Tan. Características: Parte superior de cuero desgastado Tacón de madera Cremallera por la cara interior Detalle de hebilla en el tobillo Precio mínimo en los 30 días previos a la oferta: 52.5€"
19,18868,B07FTQPY9G,0.7434201240539551,ANGKORLY,Angkorly - Zapatillas Moda Botines Biker Cubierta Mujer Hebilla Trenzado Bloque 3.5 CM Ligeramente Forrada de Piel - Camel 2 F2863 T 36,Angkorly - Zapatillas Moda Botines Biker Cubierta Mujer Hebilla Trenzado Bloque 3.5 CM Ligeramente Forrada de Piel - Camel 2 F2863 T 36. Marca: ANGKORLY. Color: Camel 2. Descripción: Zapatillas Moda - Botines Mujer Angkorly Bottines Automne/Hiver auténtica y nueva. Zapatillas Moda de Color Camel 2 - Patrón Hebilla. Tipo de material exterior cuero sintética premium - Tipo de material interior piel sintética - Material de la suela sintético - Talón Bloque - Punta redonda - Altura de la caña de la bota : Alto-top - Tipo de cierre : Cremallera.
20,28703,B08RZ19NDS,0.7795271873474121,Bmax,"BMAX Ordenador portátil Y11 2 en 1 de 11,6 pulgadas (29,46 cm), pantalla táctil convertible Intel N4100, 8 GB de RAM, 256 GB de SSD, Windows 10 de 64 bits, Full HD IPS-1920 x 1080, tipo C","BMAX Ordenador portátil Y11 2 en 1 de 11,6 pulgadas (29,46 cm), pantalla táctil convertible Intel N4100, 8 GB de RAM, 256 GB de SSD, Windows 10 de 64 bits, Full HD IPS-1920 x 1080, tipo C. Marca: Bmax. Características: 💚 Con la bisagra de 360 °, puedes girar la pantalla en diferentes situaciones para leer, escribir, esbozar o ver cómodamente tu portátil. 💚 Ultraligera y ultrafina: la BMX Y11 es ligera y portátil y cuenta con una carcasa de aleación de aluminio de calidad aeroespacial que resiste todo. Un diámetro superfino de 13 mm pesa además de 1 kg. Ideal para entretenimiento y productividad. 💚 Para el rápido rendimiento del ordenador portátil Y11 tiene un procesador Intel N4100. Velocidad del procesador: 1,10 GHz/velocidad máxima turbo: 2,40 GHz. Permite navegar por Internet de forma rápida y eficaz en programas de oficina. 💚 8 GB de memoria RAM DDR4 + 256 GB de SSD, además hay una ranura para tarjeta TF para añadir más espacio. No solo puede satisfacer tus necesidades de productividad en la oficina, sino que también te ayudará a permanecer en tu entretenimiento y juegos favoritos. 💚 La BMAX Y11 cuenta con una pantalla táctil Full HD IPS de 11,6 pulgadas con un alto contraste y nitidez de 1920 x 1080, la pantalla Full HD IPS con sorprendentes detalles y colores, cada imagen es hermosa y vibrante, con un gran ángulo de 178, ofrece una visión masiva que es más abierta y cómoda, y te ofrece un impresionante impacto y disfrute."
21,28703,B08GYFBKD4,0.7672381401062012,iProda,"Ordenadores Portatiles, iProda 360°Pantalla Táctil, Portátil Convertible 11.6 Pulgada, Intel Quad Core N4100, hasta 2,40 GHz 4GB RAM 64GB eMMC, Expansión de 512 GB, Windows 10 Pro, FHD 1920 x 1080","Ordenadores Portatiles, iProda 360°Pantalla Táctil, Portátil Convertible 11.6 Pulgada, Intel Quad Core N4100, hasta 2,40 GHz 4GB RAM 64GB eMMC, Expansión de 512 GB, Windows 10 Pro, FHD 1920 x 1080. Marca: iProda. Características: 🌞Procesador Intel Celeron: portátil con pantalla táctil iProda con procesador Intel Celeron N4100 (hasta 2,4 GHz, 4 MB de caché Intel). Mejora el rendimiento del sistema en más de un 30% en comparación con el antiguo Intel N4100, 4 GB de RAM DDR3, 16 GB de capacidad de almacenamiento instalada, admite 512 GB de almacenamiento ampliado SSD, GPU: Intel UHD Graphics 600. 🌈Características: Potente portátil convertible Windows 10 con pantalla táctil FHD de 11,6 pulgadas con nivel IPS de 360º, Micro Tipo C, conector para auriculares, Micro HDMI, Micro USB, Micro TF. Intel WIFI AC es compatible con la red inalámbrica de doble banda. 💻Miniportátil ultrafino y ligero para la movilidad: Toda la carcasa metálica de aluminio tiene sólo 8 mm de grosor y pesa sólo unos 2,2bl. El portátil con pantalla táctil windows10 es duradero y portátil, por lo que es ideal para estudiantes, viajes y desplazamientos. Es la mejor opción para trabajar en cualquier momento y lugar. 🔋360 grados de rotación y pantalla táctil convertible windows 10 portátil, voltear en cualquier ángulo, 11,6 ""Full HD multi-touch. Si tocas la pantalla con el dedo, podrás conocer mejor la interfaz de usuario de WINDOWS 10. 👏Lo que usted posee: Portátil con pantalla táctil iProda M1169Y de 11,6 pulgadas (gris platino) x1, adaptador para Alemania, cable de conexión A, manual en alemán. Además, disfrutará de una garantía de producto de 365 días. Así que no se preocupe por hacer un pedido."
22,28703,B07XT5ZSJD,0.7648125290870667,Bmax,"BMAX Y13 2 en 1 Ordenador portátil, táctil Convertible Notebook de 13.3” FHD 1080P Pantalla (Celeron Quad Core N4120, 8GB RAM, 256GB SSD, Windows 10)","BMAX Y13 2 en 1 Ordenador portátil, táctil Convertible Notebook de 13.3” FHD 1080P Pantalla (Celeron Quad Core N4120, 8GB RAM, 256GB SSD, Windows 10). Marca: Bmax. Color: 13.3 inch. Características: &#9989 Diseño Elegante - el aspecto por fuera es muy bueno, muy delgado y ligero, solo peso de 1.25kg , cuerpo delgado de 15MM. Se puede llevar bien en una mochila o maletín. &#9989 Inicio y Transferencia de Archivos Rápidos - Viene con 256 GB, 8 GB de RAM LPDDR4. Ejecute aplicaciones y transfiera archivos más rápido. ¡El proceso de arranque solo lleva unos segundos! &#9989 Sirve de portátil y tablet - Se puede plegar 360 grados y usar como tablet. Para lo que SI sirve: escribir un texto mientras viajas - ver tus correos - actualizar tu facebook - leer las noticias en modo tablet, escuchar música y ver películas CON AURICULARES!!! &#9989 Wifi AC de 2,4 y 5GHz: La conexión a internet estable y rápida, así como a la hora de navegar por internet o reproducir vídeos de calidad alta. &#9989 Pantalla Full HD Maravillosa - El color de la pantalla de 1080p es más llamativo, la imagen es delicada y vívida, por lo que no puedes soportar apartar la vista del mundo de Full HD.. Descripción: <p>Especificaciones BMAX Y13:</p><p></p><p>Procesador Intel N4120 (hasta 2.6 GHz, 4 Core 4 Threads)</p><p></p><p>Memoria RAM 8GB LPDDR4</p><p></p><p>Almacenamiento 256GB M.2 SATA 2280 SSD</p><p></p><p>Unidad óptica: No</p><p></p><p>Display 13.3"" FHD (1920x1080) LCD Glossy 10-point Multi-touch</p><p></p><p>Intel 9th Gen UHD Graphics 600</p><p></p><p>Cámara de portátil 720p</p><p></p><p>Conectividad:</p><p></p><p>Wifi: 802.11a/b/g/n/ac, Band: 2.4GHz/5.8GHz; Bluetooth 5.0</p><p></p><p>Micrófono: Built-in MIC</p><p></p><p>Batería Integrada :38Wh</p><p></p><p>Conexiones:</p><p></p><p>TF (Micro SD) Card Reader x 1</p><p>Type-C (Data transmission) x 1</p><p>Type-C (full features) x 1</p><p></p><p>Jack:</p><p>3.5-mm Stereo Headset Jack x 1</p><p>DC 12V/2A x 1</p><p></p><p>Sistema operativo: Windows 10 Home 64 bits</p><p></p><p>Dimensiones: 307.5mm(L)×208mm(W)×14.7mm(H)</p><p></p><p>Peso: 1.25 kg</p><p></p><p>Color: Space Grey</p><p></p><p>What's in the Box:</p><p></p><p>BMAX Y13 (2 in 1 laptop) x 1</p><p></p><p>24W DC Power Adapter x 1, with Replaceable Plug x 3 (Including: US Standard Plug x 1, UK Standard Plug x 1, EU Standard Plug x 1)</p><p></p><p>User Guide x 1</p><p></p><p>Safety Document x 1</p><p></p><p>Nota informativa: El teclado es un diseño de teclado americano QWERTY</p><p></p><p>La entrada de símbolos especiales es la siguiente:</p><p></p><p>ñ: Presione esta tecla :;</p><p></p><p>Ñ: Presione Caps Lock, luego presione esta tecla :;</p><p></p><p>à, è, ì, ò, ù: Presione esta tecla {[ luego letra</p><p></p><p>À, È, Ì, Ò, Ù: Presione Caps Lock, luego presione esta tecla {[ luego letra</p><p></p><p>á, é, í, ó, ú: Presione esta tecla ""' luego letra</p><p></p><p>Á, É, Í, Ó, Ú: Presione Caps Lock, luego presione esta tecla ""' luego letra</p><p></p><p>¿: Presione esta tecla Shift"
23,28703,B07B94G52C,0.7613968849182129,Lenovo,"Lenovo ThinkPad X1 Yoga Segunda Gen 14"" portátil táctil/Tablet Convertible - Core i5 a 2,5 GHz, 8 GB de RAM, 256 GB, Windows 10 Pro","Lenovo ThinkPad X1 Yoga Segunda Gen 14"" portátil táctil/Tablet Convertible - Core i5 a 2,5 GHz, 8 GB de RAM, 256 GB, Windows 10 Pro. Marca: Lenovo. Color: plateado Negro. Características: thinkpad x1 yoga segunda generación de tablet pc Intel Core i5 (7200U) procesador de 2,5 GHz de doble núcleo con 3 MB de caché L3 8 GB de memoria soldado a systemboard 256 GB unidad de estado sólido con soporte PCIe NVMe Opal2 WQHD 14,0 pulgadas (2560x1440) Multi-touch LED pantalla IPS retroiluminada. Descripción: Potente y versátil, el MIix 520 es tan flexible como eres. Se siente creativo? Coge su Lenovo activo pluma 2 y escribir o dibujar en la pantalla. Necesidad de relajarse? Separar el teclado para una tableta multimedia ricos, con impresionantes 12 de visualización y sonido envolvente. ¿Quiero ayuda? Pedir a Cortana-su asistente digital verdaderamente personal. Con el procesamiento de cuatro núcleos sin costura y la conectividad de red móvil avanzada, la MIix 520 le permite hacer cualquier cosa, en cualquier lugar. Más elegante que nunca, la MIix 520 es susurro delgada y sin esfuerzo portátil. Con un cuerpo de una pieza de aleación de aluminio, este elegante 2-en-1 complementará su estilo de vida donde quiera que vaya. Todo lo que necesita hacer es decidir qué color que más se ajusta en el platino o hierro gris? Con 4.096 niveles de sensibilidad, el Lenovo activo Pen 2 emula la sensación de una experiencia del lápiz sobre el papel. Lo mejor de todo, se va a transformar su MIix 520 en un lienzo digital o un asistente inteligente, al instante. Juntos, Lenovo activo pluma 2 y Windows tinta abren un mundo de creatividad y atajos para ahorrar tiempo. Con unos pocos trazos de la pluma en la pantalla, puede publicar actualizaciones y comentarios en las redes sociales, responder a mensajes de correo electrónico, generar direcciones trazando una ruta en los mapas de Bing, y mucho más. Además, sus notas escritas a mano pueden ser transformados en recordatorios y se sincronizan en todos los dispositivos de sus ventanas. Conoce de Windows Cortana, su asistente digital activado por voz que está dispuesto a responder a sus preguntas, abrir aplicaciones, establecer recordatorios y mucho más, todo el día. Con micrófonos de campo lejano especialmente diseñados, Cortana puede escuchar sus comandos a través del cuarto, incluso si su MIix 520 es i7 closed.Main FeaturesIntel Core (8550U) 1,8 GHz procesador de núcleo cuádruple con 8MB L3 cache12.2 pulgadas Full HD IPS Touchscreen16GB LPDDR"
24,28703,B08HZ3YBPH,0.7601511478424072,Bmax,"BMAX Y13 Pro Computadora Portatil, Convertible Tactil Laptop13.3 Pulgadas Ordenador Portatil, Windows 10 Core M5 6Y54 (hasta 2,7GHz) , 8GB RAM +256 SSD, 1920×1080 FHD, USB C, WiFi 2.4GHz/5GHz","BMAX Y13 Pro Computadora Portatil, Convertible Tactil Laptop13.3 Pulgadas Ordenador Portatil, Windows 10 Core M5 6Y54 (hasta 2,7GHz) , 8GB RAM +256 SSD, 1920×1080 FHD, USB C, WiFi 2.4GHz/5GHz. Marca: Bmax. Características: &#9989Diseño de eje reversible de 360 grados，modo de trabajo plegable. Incluye cuaderno, tableta, cuaderno de dibujo y más modos. La eficiencia de la oficina móvil se antropomorfiza en dos en uno. &#9989El procesador In-tel Core M5 6Y54, alimentado por el procesador In-tel Core M5-6Y54, el BMAX Y13 Pro es muy potente. No tienes que preocuparte por su excelente rendimiento y connotación. &#9989 8GB RAM memoria y 256GB SSD, El estándar de 8 GB de RAM es suficiente para la informática de uso general y los sin causar serios problemas de velocidad o rendimiento. Por lo tanto, puedes guardar lo que quieras en el SSD de 256 GB. &#9989Teclado retroiluminado: puede trabajar o jugar en cualquier momento con una luz de fondo lo suficientemente brillante como para que pueda escribir en la oscuridad.Nota: este es un teclado americano QWERTY. &#9989Precision Touch: toque de 10 puntos para una experiencia más natural y receptiva, que le permite hacer clic sin problemas. Desliza, desliza y pellizca."
25,28703,B08PFJXSW5,0.7557766437530518,HP,"HP Pavilion X360 14-dw1028ns - Ordenador portátil convertible de 14"" FullHD Táctil (Intel Core i5-1135G7, 8GB de RAM, 512GB SSD, Intel Iris Xe, Windows 10 ) Plata - teclado QWERTY Español","HP Pavilion X360 14-dw1028ns - Ordenador portátil convertible de 14"" FullHD Táctil (Intel Core i5-1135G7, 8GB de RAM, 512GB SSD, Intel Iris Xe, Windows 10 ) Plata - teclado QWERTY Español. Marca: HP. Color: Plata. Características: Pantalla Full HD de 14"" (35,6 cm) en diagonal; función multitáctil; IPS; vidrio de extremo a extremo; bisel micro-edge; 250 nits; 45 % NTSC (1920 x 1080) Procesador Intel Core i5-1135G7 (hasta 4,2 GHz con tecnología Intel Turbo Boost, 8 MB de caché L3, 4 núcleos) Memoria RAM DDR4-3200 MHz de 8 GB Almacenamiento de 512 GB SSD Tarjeta gráfica integrada Intel Iris Xe"
26,28703,B083BM815K,0.7530615329742432,TECLAST,TECLAST F5 2 en 1 360 ° convertible pantalla táctil portátil 11.6 pulgadas 1920 x 1080 Full HD IPS Laptop 8GB RAM 256GB ROM SSD Notebook,"TECLAST F5 2 en 1 360 ° convertible pantalla táctil portátil 11.6 pulgadas 1920 x 1080 Full HD IPS Laptop 8GB RAM 256GB ROM SSD Notebook. Marca: TECLAST. Color: Plateado. Características: 【Cambio de forma convertible 360°】F5 adopta un diseño de pantalla táctil convertible de 360º, que se puede cambiar entre el portátil y el formulario de Tablet PC y manejar fácilmente tareas como oficina, visualización, pantalla, escritura/dibujo a mano. 【 1 kg Ultrabook 】F5 adopta un diseño de cuerpo de metal ultrafino de 13 mm, el tamaño de toda la máquina es como tamaño de papel A4; solo 1 kg de peso ligero hace que F5 sea nada, fácil y portátil. Pantalla táctil Full HD de 11.6"" con resolución de 1920 × 1080, bisel ultra estrecho, compatible con el toque de diez puntos, con lápiz T6 (se vende por separado) puede lograr caligrafía y pintura a mano sensibles a la presión de 1024 niveles. 【Alto rendimiento】Procesador GeminiLake Intel de 8.ª generación con ráfaga de hasta 2.4 GHz; tarjeta gráfica UHD 600 de 9ª generación; 8GB LPDDR4 RAM, 256 GB SSD de alta velocidad; expansión de tarjeta TF, también compatible con actualización de reemplazo SSD. 【Interconexión de alta velocidad de duración】F5 tiene 26600 mWh de gran potencia, 7 horas de uso integrado de la batería y 5 horas de duración de la batería de reproducción de vídeo; con AC Dual Band WiFi, Bluetooth 4.2 y otra transmisión inalámbrica de alta velocidad, dos USB 3.0 estándar fácil de conectar una variedad de periféricos, salida HDMI audio y vídeo de alta definición. 【Software de sistema original】Sistema operativo original de Windows10, compatible con todo tipo de software de oficina de oficina, software de productividad de Adobe, compatible con todo tipo de entretenimiento audiovisual, software de aplicación general, entretenimiento en la oficina es práctico.. Descripción: <p>Teclast F5 Cuaderno </p><p>Equipado con bisagra de 360 grados, se puede cambiar entre seis modos versátiles, incluyendo tableta, portátil, soporte, tienda de campaña, portátil y modos de dibujo. Equipado con una pantalla táctil FHD IPS de 11,6 pulgadas, que da vida a tus fotos y vídeos. El potente sistema operativo Windows 10 facilita la comprobación de correo electrónico y la gestión de archivos digitales. Equipado con el procesador Intel Gemini Lake N4100, le ofrece un funcionamiento fluido y una experiencia multitarea estable. Diseñado con salida HDMI, te permite conectarlo a monitores, televisores o proyectores, perfecto para crear tu cine en casa personal. Doble banda 2.4GHz / 5.0GHz WiFi compatible, garantiza la navegación de alta velocidad. </p><p>Características principales: </p><p>Bisagra giratoria de 360°. </p><p>Le permite cambiar los modos entre los modos de tableta, portátil, soporte, tienda, portátil y de dibujo. </p><p>● Procesador Intel Gemini Lake N4100 </p><p>La plataforma de voltaje ultra bajo y el procesamiento Quad Core proporcionan la máxima potencia de alta eficiencia. </p><p>● 8GB DDR 256GB SSD </p><p>8 GB de RAM"
27,28703,B08PFK1TTF,0.752143383026123,HP,"HP Pavilion X360 14-dw1023ns - Ordenador Portátil Convertible de 14"" FHD Táctil (Intel Core i7-1165G7, 8GB de RAM, 512GB SSD, Intel Iris Xe, Windows 10) Plata - Teclado QWERTY Español","HP Pavilion X360 14-dw1023ns - Ordenador Portátil Convertible de 14"" FHD Táctil (Intel Core i7-1165G7, 8GB de RAM, 512GB SSD, Intel Iris Xe, Windows 10) Plata - Teclado QWERTY Español. Marca: HP. Color: Plata. Características: Pantalla Full HD de 14"" (35,6 cm) en diagonal; función multitáctil; IPS; vidrio de extremo a extremo; bisel micro-edge; 250 nits; 45 % NTSC (1920 x 1080) Procesador Intel Core i7-1165G7 (hasta 4,7 GHz con tecnología Intel Turbo Boost, 12 MB de caché L3, 4 núcleos, 8 subprocesos) Nemoria RAM DDR4-3200 MHz de 8 GB Almacenamiento de 1TB SSD Tarjeta gráfica integrada Intel Iris Xe"
28,28703,B08MCDPVCJ,0.7515069246292114,HP,"HP Pavilion 14 x360 14-dw1018ns - Ordenador portátil convertible de 14"" FullHD Táctil (Intel Core i7-1165G7, 8GB de RAM, 1TB SSD, Intel Iris Xe, Windows 10 ) Plata - teclado QWERTY Español","HP Pavilion 14 x360 14-dw1018ns - Ordenador portátil convertible de 14"" FullHD Táctil (Intel Core i7-1165G7, 8GB de RAM, 1TB SSD, Intel Iris Xe, Windows 10 ) Plata - teclado QWERTY Español. Marca: HP. Color: Plata. Características: Procesador Intel Core i7 1165G7 quad 8GB de memoria RAM Almacenamiento de 1TB SSD Tarjeta gráfica integrada Intel Iris Xe Windows 10"
29,28703,B08SWF4FZ2,0.7371904850006104,Acer,"Acer Spin 3 SP314-21-R572 - Ordenador Portátil Táctil 14"" Full HD SlimBezel Touch LCD, Laptop (AMD Ryzen 5 3500U, 8GB RAM, 512GB SSD, UMA Graphics, Windows 10 Home), PC Portátil Color Plata","Acer Spin 3 SP314-21-R572 - Ordenador Portátil Táctil 14"" Full HD SlimBezel Touch LCD, Laptop (AMD Ryzen 5 3500U, 8GB RAM, 512GB SSD, UMA Graphics, Windows 10 Home), PC Portátil Color Plata. Marca: Acer. Características: PROCESAMIENTO POTENTE: Spin 3 es un PC portátil delgado y convertible con pantalla táctil 2 en 1 para aumentar la productividad en cualquier parte; con procesador AMD Ryzen 5 3500U, memoria RAM de 8 GB, tarjeta gráfica integrada AMD Radeon Vega 8 y SSD de 512 GB PANTALLA TÁCTIL FULL HD: pantalla IPS multitáctil de 14 pulgadas con colores y detalles brillantes y un impresionante marco ultraestrecho; la atenuación de CC te permite reducir el brillo sin que la pantalla parpadee FLEXIBILIDAD: la bisagra de 360° de Acer ofrece cuatro formas distintas de disfrutar del portátil; los modos carpa, tablet, portátil tradicional o pantalla ofrecen comodidad desde todos los ángulos DISEÑO LIGERO: Spin 3 es un portátil ligero y delgado con una batería de larga duración (hasta 10 horas) diseñado para satisfacer todas tus necesidades; no solo es sinónimo de ligereza, sino también garantía de portabilidad multimodo COMUNICACIÓN RÁPIDA: mantén la conexión con amigos y familiares con el Killer Wi-Fi 6 AX1650 siempre conectado y una gran variedad de puertos (incluidos HDMI, USB 3.2 Tipo A y USB 3.2 Tipo C) para todas sus necesidades"
30,31224,B07HP6XKC6,0.7550248503684998,Canon,"Canon PowerShot SX70 HS - Cámara bridge de 20.3 MP (zoom óptico de 65x, DIGIC 8, 10 fps, Vídeo 4K, LCD, ángulo variable) negro","Canon PowerShot SX70 HS - Cámara bridge de 20.3 MP (zoom óptico de 65x, DIGIC 8, 10 fps, Vídeo 4K, LCD, ángulo variable) negro. Marca: Canon. Color: Negro. Características: Cámara bridge de alta gama que cuenta con zoom de 65x Accede a técnicas de edición profesional con fotos en formato RAW Formato de video en 4k Pantalla LCD de 7.5 cm y ángulo variable Conexión fácil con otros dispositivos mediante Bluetooth y Wi-Fi"
31,31224,B01NARXQ2E,0.7501890659332275,Panasonic,"Panasonic Lumix DC-FZ82 - Cámara Bridge de 18.1 MP (Zoom de 60X, Objetivo F2.8-5.9 de 20-1200 mm, tecnología DFD, 4K, WIFI), Color Negro","Panasonic Lumix DC-FZ82 - Cámara Bridge de 18.1 MP (Zoom de 60X, Objetivo F2.8-5.9 de 20-1200 mm, tecnología DFD, 4K, WIFI), Color Negro. Marca: Panasonic. Color: Negro. Características: Cámara compacta avanzada, a otro nivel: una autentica ""todoterreno"", tomar imágenes de alta calidad en entornos dinámicos y con gran movimiento se vuelve fácil con esta cámara, basta con tomar un vídeo en 4K con 30 fotogramas por segundo y guardar tu imagen favorita en alta resolución Perspectiva con todo detalle: El gran angular de 20mm te permite fotografiar paisajes de infarto en imágenes panorámicas. Si deseas más detalle, puedes utilizar el potente zoom de 60x para capturar momentos nunca vistos Revive tus aventuras: el modo de vídeo 4K alcanza una resolución 4 veces superior a Full HD. Calidad excepcional para capturar tu vertiginosa vida y las escenas más excitantes La mejor foto incluso de noche: cuando el sol se pone, la ciudad joven despierta y convierte la noche en día. Captura la dinámica y animada juventud, o el perfil de la ciudad en la mejor hora del día. Gran calidad de imagen incluso en condiciones de poca luz Dispara ya, enfoca luego: selecciona el área enfocada después de realizar la fotografía, captura la imagen in situ para guardarla como prefieras más adelante, toda una nueva experiencia fotográfica que ofrece mayor libertad creativa"
32,31224,B01MU31H1P,0.7327721118927002,Sony,"Sony DSC-HX350, Cámara Bridge BionZ X de 20.4 MP y Zoom 50x, HDMI, Negro","Sony DSC-HX350, Cámara Bridge BionZ X de 20.4 MP y Zoom 50x, HDMI, Negro. Marca: Sony. Color: Negro. Características: SteadyShot óptico y SteadyShot óptico con modo Activo inteligente Sensor CMOS Exmor R de 20.4 megapíxel Motor BIONZ X para unos detalles y una reducción de ruido soberbios Lente ZEISS Vario-Sonnar T* con zoom óptico de 50x Detección facial, disparador de sonrisas, línea de cuadrícula, indicador de nivel digital (alabeo), balance de blancos, ayuda al enfoque manual, nivel de referencia de micrófono"
33,31224,B006Q8VAL8,0.724639892578125,Fujifilm,"Fujifilm FinePix S4200 Bridge Camera Cámara Puente 14 MP 1/2.3"" CCD 4288 x 3216 Pixeles Negro - Cámara Digital (14 MP, 4288 x 3216 Pixeles, CCD, 24x, HD, Negro)","Fujifilm FinePix S4200 Bridge Camera Cámara Puente 14 MP 1/2.3"" CCD 4288 x 3216 Pixeles Negro - Cámara Digital (14 MP, 4288 x 3216 Pixeles, CCD, 24x, HD, Negro). Marca: Fujifilm. Color: Negro. Características: Resolución efectiva: 14 megapíxeles Zoom de 24 aumentos, de 24 a 576 mm, zoom digital de 6,7 aumentos Monitor LCD y búsqueda de color LCD Monitor TFT LCD de 3 pulgadas con 230.000 puntos de imagen Contenido del envío: baterías estándar, cable USB-AV, tapa de objetivo, correa, software FinePix Viewer para Windows (2000/Me/XP/o superior) y para Macintosh (sistema X/o superior)"
34,31224,B01FKQK030,0.6988213062286377,Canon,"Canon PowerShot SX620 HS - Cámara digital compacta de 20,2 Mp (pantalla de 3"", zoom óptico 25x, WiFi, NFC, video Full HD), negro","Canon PowerShot SX620 HS - Cámara digital compacta de 20,2 Mp (pantalla de 3"", zoom óptico 25x, WiFi, NFC, video Full HD), negro. Marca: Canon. Color: Negro. Características: Pequeña cámara con gran zoom que puedes llevar a cualquier parte Conecta, comparte y dispara de forma remota fácilmente con WiFi y NFC Crea magníficos vídeos Full HD con solo pulsar un botón Capta sin esfuerzo la calidad que se merecen tus recuerdos Juega y experimenta con tu creatividad"
35,31224,B019GL1854,0.6984192132949829,KODAK,"Kodak Astro Zoom AZ422 Cámara digital, 20MP, 1/2.3"" CCD, 5152 x 3864 Pixeles, Negro","Kodak Astro Zoom AZ422 Cámara digital, 20MP, 1/2.3"" CCD, 5152 x 3864 Pixeles, Negro. Marca: KODAK. Color: Negro. Características: Enchufe europeo Auto, Nublado, Luz de día, Fluorescente, Incandescente, Manual, Niños, Fuegos artificiales, Paisaje, Paisaje nocturno, Retrato nocturno, Panorama, Party (interior) uto, Película, Imagen única, Presentación de diapositivas, Miniaturas, Batería, Cámara puente"
36,31224,B00BIFWNV0,0.6935416460037231,Sony,"Sony Cyber-Shot DSC-HX300 - Cámara compacta de 20.4 MP (Pantalla de 3"", Zoom óptico 50x, estabilizador), Negro","Sony Cyber-Shot DSC-HX300 - Cámara compacta de 20.4 MP (Pantalla de 3"", Zoom óptico 50x, estabilizador), Negro. Marca: Sony. Color: Negro. Características: Precio mínimo en los 30 días previos a la promoción: 279,65€ Sensor CMOS Exmor R 20,4 MP Lente ZEISS Vario-Sonnar T* Estabilización de imagen SteadyShot óptica 20,4 megapíxeles, CMOS Exmor R, zoom óptico de 50x, LCD de 7,5 cm (3,0""), Full HD, modo automático inteligente, control manual"
37,31224,B00FWVM4RE,0.6919171810150146,Sony,"Sony DSC-H300 - Cámara compacta de 20.1 MP (pantalla de 3"", zoom óptico 35x, estabilizador de imagen electrónico, vídeo HD 720p), negro","Sony DSC-H300 - Cámara compacta de 20.1 MP (pantalla de 3"", zoom óptico 35x, estabilizador de imagen electrónico, vídeo HD 720p), negro. Marca: Sony. Color: Negro. Características: Objetivo de zoom óptico de 35x Capacidad de vídeo en HD para unos vídeos atractivos El sistema SteadyShot óptico reduce la borrosidad, incluso con poca luz Sensor Super HAD CCD de 20.1 MP Resolución máxima de la imagen: 5152 x 3864 píxeles"
38,31224,B01B98IYPY,0.6894740462303162,G-Anica,"C&Aacute;Mara Digital 16&Nbsp;Mp, Zoom 16X,&Nbsp;Color&Nbsp;Negro","C&Aacute;Mara Digital 16&Nbsp;Mp, Zoom 16X,&Nbsp;Color&Nbsp;Negro. Marca: G-Anica. Color: negro. Características: Pantalla en color, TFT, 16&nbsp;aumentos, sensor de pixel, m&aacute;ximo zoom digital, pantalla de 3&nbsp;pulgadas, CMOS 5.0&nbsp;MP, 16&nbsp;millones de p&iacute;xeles. 16&nbsp;MP/12&nbsp;MP/8&nbsp;MP/5&nbsp;MP/2&nbsp;MP/ de resoluci&oacute;n de v&iacute;deo. Resoluci&oacute;n fotogr&aacute;fica de 1280&nbsp;x 720&nbsp;p&iacute;xeles/640&nbsp;x 480&nbsp;p&iacute;xeles/320&nbsp;x 240&nbsp;p&iacute;xeles. C&aacute;mara digital + c&aacute;mara de v&iacute;deo digital + c&aacute;mara web, escenas desde coche, Paisaje, noche, definici&oacute;n ultra alta, calidad de imagen/de alta definici&oacute;n/definici&oacute;n est&aacute;ndar. Funci&oacute;n de impresi&oacute;n integrada, obturador electr&oacute;nico, micr&oacute;fono integrado, altavoz integrado. Accesorios est&aacute;ndar. Bater&iacute;a de litio, cargador, USB, transmisi&oacute;n por cable por salida a TV, bolsa, correa, manual (idioma espa&ntilde;ol no garantizado), CD-ROM.. Descripción: Bridge con zoom, gran ángulo, 16 aumentos – Color: Negro – 16 MP – Visor Electrónico – Amplia pantalla LCD de 3 pulgadas – Sistema de estabilización ""Shake Reduction"" – Vídeo Full HD con botón dedicado – Salida Micro-HDMI – Batería de litio recargable.<br> Idioma del menú chino/inglés/alemán/francés/italiano/japonés/español/portugués/ruso/turco."
39,31224,B000IHYS2Q,0.6883461475372314,Fujifilm,"Fujifilm FinePix S6500 - Cámara Digital Compacta 6.3 MP (2.5 Pulgadas LCD, 11x Zoom Óptico)","Fujifilm FinePix S6500 - Cámara Digital Compacta 6.3 MP (2.5 Pulgadas LCD, 11x Zoom Óptico). Marca: Fujifilm. Color: Negro, Plata. Características: 1/1,7 pulgadas Super CCD HR 6,3 millones de píxeles efecto Distancia focal del objetivo: 28-300 mm (relacionada con cámaras de fotos pequeñas de 35 mm) Función de vídeo 640 x 480 30 fps con sonido Detección automática de la cara (Face Detection), tecnología Real Photo Technology, luz de ayuda AF Contenido del envío: tarjeta de memoria xD de 256 MB, 4 pilas AA, correa para el hombro, parasol, tapa protectora de objetivo, cable USB, cable AV. CD-ROM"
40,33633,B07YG1C7D8,0.733151912689209,Fossenfeliz,"Fossenfeliz Disfraces Medievales Mujer de Bruja Reina, Vestidos de Fiesta Mujer Tallas Grandes Disfraces Originales Adulto para Cosplay, Endimiento, Drama","Fossenfeliz Disfraces Medievales Mujer de Bruja Reina, Vestidos de Fiesta Mujer Tallas Grandes Disfraces Originales Adulto para Cosplay, Endimiento, Drama. Marca: Fossenfeliz. Color: Negro-Calavera. Características: Gótico Reina Bruja Disfraz elegante encaje / vestido realista / largo diosa de la mascarada de la falda material de Mujeres de Halloween Temperamento: poliéster; Celebre Halloween la bienvenida a Fossenfeliz para elegir sus trajes favoritos de Halloween niños adultos señoras. Descripción: <p>🎉🎊🎈<b>✿ Fossenfeliz ✿ Feliz halloween！</b>🎉🎊🎈</p><p>➤➤<b>Nota:</b> Debido a las posibles diferencias físicas entre los diferentes monitores, la fotografía del producto es solo ilustrativa y puede no reflejar con precisión el color real del artículo recibido</p><p>🤹‍♀️<b>Tabla de tallas </b>(Unidad: cm / pulgada) </p><p>Tamaño: L Busto: 120cm / 47.24 '' Longitud de la manga: 52cm / 20.47 ""Hombro: 48cm / 18.90 '' Longitud: 132cm / 51.97 ''</p><p>Tamaño: XL Busto: 124cm / 48.82 '' Longitud de la manga: 53cm / 20.86 ""Hombro: 49cm / 19.29 '' Longitud: 133cm / 52.36 ''</p><p>Tamaño: 2XL Busto: 128cm / 50.39 '' Longitud de la manga: 53cm / 20.86 ""Hombro: 50cm / 19.69 '' Longitud: 134cm / 52.76 ''</p><p>Tamaño: 3XL Busto: 132cm / 51.97 '' Longitud de la manga: 54cm / 21.25 ""Hombro: 51cm / 20.08 '' Longitud: 135cm / 53.15 ''</p><p>Tamaño: 4XL Busto: 136cm / 53.54 '' Longitud de la manga: 55cm / 21.65 ""Hombro: 52cm / 20.47 '' Longitud: 136cm / 53.54 ''</p><p>Tamaño: 5XL Busto: 140cm / 55.12 '' Longitud de la manga: 56cm / 22.04 ""Hombro: 53cm / 20.87 '' Longitud: 137cm / 53.94 ''</p><p><b>Descripción:</b></p><ul><li>Temporada: toda la temporada</li><li>Genero: Mujer</li><li>Estilo: casual</li><li>Material: poliéster</li><li>Silueta: una línea</li></ul><p><b>Lo que obtienes:</b> 1 X vestido</p><p>❤️ Impresión especial / Cinturón de proa / Banda elástica Diseño de empalme</p><p>❤️ ¡Está hecho de materiales de alta calidad, duraderos para su uso diario!</p><p>❤️Este es un gran regalo para tus amantes o para ti mismo.</p><p> </p>"
41,33633,B0753RX9VR,0.7258524894714355,WIDMANN,"WIDMANN-Disfraz para adultos Malefica, large (03703)","WIDMANN-Disfraz para adultos Malefica, large (03703). Marca: WIDMANN. Características: Disfraz de malefectividad para adultos, 2 piezas. Set Contenido: vestido con mangas de murciélago y sombrero con cuernos. Talla: L. Para Halloween, carnaval u otras fiestas de disfraces. Color: negro."
42,33633,B07PFNCMHB,0.7235502004623413,Helymore,"Ninos Disfraz de Cosplay de Pelicula Carnaval Halloween Tunica con Capucha de Caballero Tunica Medieval Negro, M","Ninos Disfraz de Cosplay de Pelicula Carnaval Halloween Tunica con Capucha de Caballero Tunica Medieval Negro, M. Marca: Helymore. Color: Negro. Características: Ninos Disfraz de Cosplay de Pelicula Carnaval Halloween Tunica con Capucha de Caballero Tunica Medieval Negro, M Incluyendo: capa Hecho de material de alta calidad: tela uniforme. Perfecto para celebraciones de Halloween, fiestas tematicas, carnavales, etc. Por favor, consulte nuestra tabla de tallas en las imagenes o en la descripcion.. Descripción: Carta del tamano: <p> S: Altura 47.24 "", Cofre 27.56"", Cintura 25.59 "", Ancho de hombro 15.75"" <p> M: Altura 53.15 "", Cofre 31.5"", Cintura 29.53 "", Ancho de Hombro 17.72"" <p> L: Altura 59.06 "", Cofre 35.43"", Cintura 33.46 "", Ancho del hombro 19.69"" <p>"
43,33633,B07YCL8PZS,0.721782386302948,Rubies,"Rubie's-DC Comic The Joker 1966 Version Disfraz, multicolor, 111,76 cm-116,84 cm (300541XL)","Rubie's-DC Comic The Joker 1966 Version Disfraz, multicolor, 111,76 cm-116,84 cm (300541XL). Marca: Rubies. Color: Multicolor. Características: Disfraz oficial de The Joker para hombre, versión clásica de 1966, el supervillano de Batman, ideal para disfraces de Halloween Incluye chaqueta con chaleco simulado y detalle de camisa, pantalones a juego Este producto se envía en embalaje de la marca Rubie Producto oficial de Rubies, probado según todas las normas europeas y del Reino Unido, incluyendo EN71 y REACH Producto diseñado y de tamaño del Reino Unido, consulta la tabla de tallas para referencia"
44,33633,B00EM9ZVAY,0.7201192378997803,ORION COSTUMES,ORION COSTUMES unisexo Primo Eso Halloween peliculas disfraz,"ORION COSTUMES unisexo Primo Eso Halloween peliculas disfraz. Marca: ORION COSTUMES. Color: Yellow. Características: DISFRAZ UNISEX: Distínguete del resto literalmente como un Pariente Peludo. TALLAS DISPONIBLES:Talla Única para la mayoría hasta 42"" de pecho y es de 60"" de largo (desde la cabeza hasta el final). DISFRAZ INCLUYE:Traje de una pieza peludo con agujeros para la cara y los brazos, sombrero y gafas. PERFECTO PARA FIESTAS:Ideal para Halloween, fiestas de disfraces temáticas de películas y novedosas. INSTRUCCIONES PARA EL CUIDADO:100% Fibra Sintética. Lavar a mano solamente, evitar usar lejía y secar al aire libre.. Descripción: DISFRAZ UNISEX: Distínguete del resto literalmente como un Pariente Peludo.<br>TALLAS DISPONIBLES:Talla Única para la mayoría hasta 42"" de pecho y es de 60"" de largo (desde la cabeza hasta el final).<br>DISFRAZ INCLUYE:Traje de una pieza peludo con agujeros para la cara y los brazos, sombrero y gafas.<br>PERFECTO PARA FIESTAS:Ideal para Halloween, fiestas de disfraces temáticas de películas y novedosas.<br>INSTRUCCIONES PARA EL CUIDADO:100% Fibra Sintética. Lavar a mano solamente, evitar usar lejía y secar al aire libre."
45,33633,B07JCK13L4,0.7170695066452026,WIDMANN,"WIDMANN-Mad Joker Disfraz, multicolor, (XS) (WDM08039)","WIDMANN-Mad Joker Disfraz, multicolor, (XS) (WDM08039). Marca: WIDMANN. Color: Multicolor. Características: Ideal para disfraces de Halloween, carnaval, todas las fiestas de disfraces Artículo talla XS compuesto por: chaqueta con camisa y chaleco, pantalones, guantes Halloween, Psicopáticos y Serial Killer Material: 100% poliéster Edad mínima: 16 años en adelante"
46,33633,B0741234VN,0.7164720296859741,LBJR,Animal Pijamas Traje Disfraz de Halloween Cerdo Rosa Unisexo Adulto Onesie,"Animal Pijamas Traje Disfraz de Halloween Cerdo Rosa Unisexo Adulto Onesie. Marca: LBJR. Color: Cerdo. Características: Tamaño unisex: S (146-159 cm), M (160-169 cm), L (170-178 cm), XL (179-188 cm). Cómodo, suave, lavable y resistente Mantener su cuerpo cálido y acogedor Diseño interesante, puede ser pijama o vestido para disfraces o fiestas Adecuado para las condiciones de otoño, invierno o frío. Descripción: Descripción<br>Paquete: 1 * pijama (no incluye calcetines)<br>Espesor: medio<br>Función: hogar, cálido, sueño, cómodo, informal, transpirable.<br>Collar: sin collar<br>Forma del cuello: cuello redondo<br>Manga: mangas largas<br>Pantalones largos: pantalones<br>Rango de error: 3-5 cm<br><br>Cortarlo:<br>S: Adecuado para altura de 146 cm - 159 cm (4'9 ""-5'2"")<br>M: Adecuado para altura de 160 cm - 169 cm (5'3 ""-5'6"")<br>L: Adecuado para altura de 170 cm - 178 cm (5 '7' '- 5'10' ')<br>XL: Adecuado para altura de 179 cm - 188 cm (5'11 ""-6'2"")"
47,33633,B07XD9D2HB,0.7163404226303101,MUJER FELIZ,New Largo Capa con Capucha Terciopelo Disfraz de Halloween para Mujeres Hombres Halloween Fiesta Disfraces,"New Largo Capa con Capucha Terciopelo Disfraz de Halloween para Mujeres Hombres Halloween Fiesta Disfraces. Marca: MUJER FELIZ. Color: Gris. Características: Mujer Vestido Corto Elegante Sexy Cuello V Raya Talla Grande Top Puro con Manga Dama de Honor para Boda Noche Fiesta y Boda Navidad S-19XL Sudadera con Capucha Suéter Hoodies Pullover Outwear Encapuchado Tops De Manga Larga para Otoño e Invierno para Mujer, Largo, Suelto y Esponjoso, Vestidos Invierno Mujer, Tallas Grandes 2033 El Otoño Y El Invierno De Color Sólido De Las Nuevas Mujeres De Manga Larga De Cuello Redondo Casual con Volantes Corto Vestido De Fiesta Vestido Vestido de Manga Larga Encaje Jersey Ajustado Unicolor otoño Invierno para Mujer y Chica Mini Vestido Ropa de Mujer Sexy Hoja de Loto Ocio Vestido de Noche de Manga Larga Color sólido Mujeres Volantes de Verano Floral Dot Imprimir V Cuello Sexy Mini Vestido Corto Vestido Vestidos Cóctel Bohemios Manga Larga Floral Otoño Fiesta Maxi Vestido Mujer Vestidos Mujer Navidad Vestido de Punto Jersey de Punto Suéter para OtoñO Invierno Vestidos Cuello Redondo Manga Larga Pull-Over Vestidos Mujer Vestido de Estilo Deportivo con Estampado Liquidación Venta Mujer Sudadera con Capucha Suelta Tallas Grandes Jersey de Mujer Jersey otoño Invierno Manga Larga Remata Abrigo cálido Vestido de Otoño Invierno Mujeres Casual Vestido de Sudadera con Cuello Redondo y Manga Larga de Invierno de Manga Corta para Mujer Jersey Chaqueta Jerséis Lana Pullover Negro Invierno para Mujer, Suéter Cálido Tallas Grandes Manga Largas Suelto Rebajas Otoño Señora Camisetas Tops Blusas Elegantes Vestido Navidad Mujer Vestido de Punto con Escote Barco Mujer Vestido de Noche Falda Elegante para Fiesta Vestido de Moda Size S-XXL Mujer Vestido de Punto con Botón Suéter Cuello Redondo Jerséis Casual para Mujer Size S-L. Descripción: <p>♡ ^ _ ^ ♡ Hola, amigos, ¡bienvenidos a la tienda MUJER FELIZ! ¡Haremos todo lo posible para tener una experiencia de compra satisfactoria! ❤️❤️❤️</p><p>✿Carta del tamaño</p><p>Tamaño: S EE. UU .: 4 Reino Unido: 8 UE: 34 Busto: 90cm / 35.43 '' Cintura: 80cm / 31.50 '' Manga: 63cm / 24.80 '' Longitud: 52cm / 20.47 ''</p><p>Tamaño: M EE. UU .: 6 Reino Unido: 10 UE: 36 Busto: 95cm / 37.40 '' Cintura: 85cm / 33.46 '' Manga: 64cm / 25.20 '' Longitud: 53cm / 20.87 ''</p><p>Tamaño: L EE. UU .: 8 Reino Unido: 12 UE: 38 Busto: 100cm / 39.37 '' Cintura: 90cm / 35.43 '' Manga: 65cm / 25.59 '' Longitud: 54cm / 21.26 ''</p><p>Tamaño: XL EE. UU .: 10 Reino Unido: 14 UE: 40 Busto: 105cm / 41.34 '' Cintura: 95cm / 37.40 '' Manga: 66cm / 25.98 '' Longitud: 55cm / 21.65 ''</p><p>Tamaño: XXL EE. UU .: 12 Reino Unido: 16 UE: 42 Busto: 110cm / 43.31 '' Cintura: 100cm / 39.37 '' Manga: 67cm / 26.38 '' Longitud: 56cm / 22.05 ''</p><p>Tamaño: XXXL EE. UU .: 14 Reino Unido: 18 UE: 44 Busto: 115cm / 45.28 '' Cintura: 105cm / 41.34 '' Manga: 68cm / 26.77 '' Longitud: 57cm / 22.44 ''</p><p>Tamaño: XXXXL EE. UU .: 16 Reino Unido: 20 UE: 46 Busto: 120cm / 47.24 '' Cin"
48,33633,B07CLH48Q5,0.7157188653945923,Smiffy's,"Smiffys Day of the Dead Bride Costume Disfraz de novia del día de los muertos, color negro, XXL-UK Size 24-26 (43739X2)","Smiffys Day of the Dead Bride Costume Disfraz de novia del día de los muertos, color negro, XXL-UK Size 24-26 (43739X2). Marca: Smiffy's. Color: Negro. Características: Incluye disfraz de novia del día de los muertos, negro, con vestido y velo de rosa. Busto 48-50""/cintura 40-42""/cadera 51-53""/Entrepierna 34"". Nuestro equipo de seguridad dedicado garantiza que todos nuestros productos se fabrican y se prueben rigurosamente para cumplir con las últimas normas y normativas de seguridad de la UE y los Estados Unidos. Smiffys es un proveedor líder de disfraces y empresa familiar con una herencia de 123 años en disfraces, pelucas, maquillaje y accesorios. Ten en cuenta que todos nuestros productos Smiffys siempre vienen en un embalaje completo de la marca Smiffys."
49,33633,B07NY97H69,0.715441107749939,cotigo,"Larga Capa de Vampiro Diablo de Terciopelo con Capucha para Disfraz de Fiesta Halloween y Carnaval,Talla Unica,para Adulto Mujeres Hombres (Negra)","Larga Capa de Vampiro Diablo de Terciopelo con Capucha para Disfraz de Fiesta Halloween y Carnaval,Talla Unica,para Adulto Mujeres Hombres (Negra). Marca: cotigo. Color: negra. Características: 1.Incluye:1pcs capa con Capucha 2.Materiales: Hecho de alta calidad durable terciopelo telas，elástico, suave, y cómodo 3.Medidas : 135cm desde el hombro, talla única 4.Aplicación:Perfecto para Super vampiro o capa de elfo,disfrazarse juegos de rol,Carnaval, Halloween, un baile de disfraces,brujas etc. 5.GARANTIA Y ENVÍO - Si no estas satisfech@ contactanos y nos podremos manos a la obra para hacerte feliz.Servicio de atención al cliente profesional cuidará de usted dentro de las 24 horas. Descripción: Tu disfraz de Halloween y Carnaval estará completo con esta capa. Sólo tienes que ponerte la capa y deambular por las calles o el cementerio en la noche más tenebrosa del año. La capa es de tela de poliéster y también podrás utilizarla en una fiesta medieval,<b> ¡conseguirás una imagen más misteriosa!</b><br><br><b>Atención:</b><br> 1.Nuestra tienda<b> Fiesta Cotigo</b> en línea tiene muchas categorías de productos, relacionados con festivales, manualidad, etc.Si los necesita, puede ingresar a la tienda en línea.<br> 2.Servicio al cliente satisfecho, contáctenos si tiene algún problema. <br> 3.Logística :enviamos por<b>Correos Express</b>，rapido y seguro.<br> 4. Puede haber un margen de error de 1 a 3 cm debido a la medición manual. Asegúrate de que esto no supondrá un problema antes de comprar el producto.<br> 5. El color puede variar según las características de tu pantalla."
50,38249,B09BHVMCC3,0.7604292631149292,N/0,"Yuforest-Estantería Flotantes Negro Baldas,Estante de Exhibición Colgante,Estantes Ducha Pared Sin Taladro para Baño,El diseño de Colgar en la Pared facilita el Almacenamiento de artículos","Yuforest-Estantería Flotantes Negro Baldas,Estante de Exhibición Colgante,Estantes Ducha Pared Sin Taladro para Baño,El diseño de Colgar en la Pared facilita el Almacenamiento de artículos. Marca: N/0. Características: 【Material】 Estantes de Pared Metálicos Estantes Flotantes está fabricado en acero al carbono de alta calidad, que tiene una excelente durabilidad y vida útil. Anticorrosión, antioxidante, resistente a los arañazos, antioxidante. Y no requiere mucho mantenimiento. Después del proceso de pintura, el estante tiene una superficie de laca negra brillante, elegante y de alta gama. 【Diseño de estilo moderno】 La forma delgada, la superficie negra mate y las líneas limpias crean un estilo moderno y simple. Puede llenar paredes en blanco o crear un espacio de exhibición para sus colecciones, fotos, plantas pequeñas, especias, etc., para darle a su hogar una sensación más moderna y de alta gama. 【Fácil de instalar】 Independientemente de si tiene excelentes operaciones manuales, nuestros productos se pueden instalar fácilmente en unos pocos minutos. Solo necesita mantener la pared limpia y seca, marcar el espacio entre los orificios y abrir la película protectora que no deja marcas para pegar. 【Amplia gama de aplicaciones】 Estanteria Baño Sin Taladro-Adhesivo Estanteria es muy adecuado para exhibidores de almacenaje en pasillos, cocinas, baños, dormitorios y salones. No solo puede mantener su espacio en orden, sino que también puede decorar su habitación. 【Tamaño】 El tamaño de Estantes Flotantes Juego Estantes de Pared es: 20cm * 10cm * 4cm, y la superficie de exhibición tiene un deflector de 1cm para evitar que los artículos se caigan. El diseño de colgar en la pared facilita el almacenamiento de artículos. ¡Es una buena opción para decorar tu habitación!. Descripción: Puedes colocar objetos decorativos, plantas y manualidades en esta Estanteria Flotante, Estanterias Pared, y colocarlos bajo la luz adecuada. ¡Agregue fácilmente diversión a su hogar! </br> No importa dónde lo instale, ¡traerá una nueva experiencia portátil a su vida! </br> </br> 【Detalles del producto】 </br> Material: acero al carbono </br> Dimensiones: 20 x 10 x 4 cm </br> Peso: 320 g </br> </br> 【Detalles del paquete】 </br> 1 * Estantes flotantes negros para pared (con pegatinas fuertes) </br> </br> 【Aviso cálido】 </br> 1. Debido a los diferentes métodos de medición y medición manuales, puede haber una diferencia de 2-3 mm. </br> 2. Debido a la diferencia de luz y pantalla, el color del producto puede ser ligeramente diferente al de la imagen. </br>"
51,38249,B08BWTFMV4,0.7517222762107849,KES,"KES Estanteria Baño sin Taladro Baldas Pared sin Agujero con Orificio para el Cable del Cargador Estanterias Baño Adhesivas 2 Piezas Aluminio Plata, BSC410S15-P2","KES Estanteria Baño sin Taladro Baldas Pared sin Agujero con Orificio para el Cable del Cargador Estanterias Baño Adhesivas 2 Piezas Aluminio Plata, BSC410S15-P2. Marca: KES. Color: Astilla de Aluminio. Características: Diseño Reflexivo: Esta KES balda baño sin taladrar es un complemento de decoración perfecto para su hogar compacto y experto en tecnología. Además tiene un diseño único con la ranura para sostener su iPhone o iPad. Además, el diseño del orificio del cable es conveniente para cargar cuando coloca su iPhone, iPad, altavoz Bluetooth u otros dispositivos digitales en el estante. Carga Máxima: 11 lbs / 5 kg. Mantenga el Artículo Seguro: El borde de esta estanteria pared baño no solo evita que sus cosas se caigan, sino que también puede sostener su iPhone o iPad en un ángulo adecuado. Antioxidación: Este estante para baño está hecho de aluminio anodizado resistente y resistente al óxido, lo que garantiza durabilidad y vida útil. Adecuado para ambientes húmedos, como baños y cocinas. Los tornillos de acero inoxidable también son anticorrosivos. 2 Formas de Instalar: Use PEGAMENTO FUERTE para instalarlo en minutos, instalación rápida y fácil. O puede instalarlo con tornillos y anclajes de acero inoxidable SUS 304 de alta calidad incluidos en el paquete (* tamaño de la broca: 6 mm). Nota: La instalación sin taladros es adecuada para superficies planas y lisas sin polvo ni agua, como baldosas, vidrio y metal. Espere 48 horas para usarlo. El Paquete Incluye: 2 x estanterias pared, 1 x paquete de hardware(para montaje con tornillos), 1 x paquete de pegamento, 1 x instrucciones de instalación.. Descripción: <b> ESPECIFICACIONES </b> <br/> <b> Material </b>: Aluminio <br/> <b> Acabado </b>: Aluminio anodizado plata <br/> <b> Tipo de instalación </b>: Con pegamento o con tornillos <br/> <b> Dimensiones generales </b>: 150 mm x 120 mm x 48 mm <br/> <b> Carga máxima </b>: 11 lbs (5 kg) <br/> <br/> <b> EL PAQUETE INCLUYE </b> <br/> 2 x Baldas pared sin agujeros <br/> 1 x Paquete de tornillos <br/> 1 x Paquete de pegamento sin taladro <br/> 1 x Instrucciones de instalación <br/> <br/> <b>SOBRE KES</b><br/> Fundada en 1996, KES es un fabricante profesional en la industria de la cocina y el baño. Nos dedicamos a ofrecer productos asequibles y de calidad líder en la industria a clientes de todo el mundo <br/> - Sistema de gestión de calidad certificado ISO9001 <br/> - Empresa socialmente responsable, compatible con BSCI <br/> - Diseños originales bajo protección de patente mundial <br/> - Sirvió a millones de usuarios de Europa, América del Norte y Asia <br/> - Proveedor de confianza de Home Depot y Walmart <br/>"
52,38249,B08S3WZX4M,0.750226616859436,Wopeite,Wopeite Estanteria Ducha Sin Taladro Estante Ducha Aluminio Estanteria Baño Ducha Adhesivo Estante de Baño Inoxidable Rectangular Negro,"Wopeite Estanteria Ducha Sin Taladro Estante Ducha Aluminio Estanteria Baño Ducha Adhesivo Estante de Baño Inoxidable Rectangular Negro. Marca: Wopeite. Color: Negro. Características: Sin Taladrar: Se puede utilizar sin taladrar paredes y sin necesidad de herramientas adicionales; Espere 24 horas antes de poner algo en el estante. Material de Calidad: Hecho de aluminio de alta calidad, resistente al agua y antioxidante; ADHESIVO único con gran capacidad de carga, se puede adherir a todas las superficies lisas, incluidas baldosas, vidrio y metal. Muy adecuado para todos los baños. Adhesivo Fuerte: El adhesivo fuerte puede adherirse fuertemente y garantizar la durabilidad y confiabilidad de la canasta de ducha; La gran capacidad de carga puede satisfacer sus necesidades de poner cosas pesadas como champú en el estante. Gran Espacio: La cesta ofrece una gran capacidad de almacenamiento; Puede contener champú, geles de ducha, acondicionador, detergente, jabón y accesorios de baño en el baño. Instalación Rápida: No se requieren herramientas ni daños en la pared, es fácil de instalar y quitar sin dejar residuos."
53,38249,B08HQJQRHT,0.7470419406890869,STOREMIC,"STOREMIC Estantes flotantes en Forma de U, fáciles de Instalar, estantes de Pared, Juego de 3, estantes de Pared Blancos de 30 cm, 45 cm, 60 cm para Cocina, Sala de Estar, baño y Dormitorio","STOREMIC Estantes flotantes en Forma de U, fáciles de Instalar, estantes de Pared, Juego de 3, estantes de Pared Blancos de 30 cm, 45 cm, 60 cm para Cocina, Sala de Estar, baño y Dormitorio. Marca: STOREMIC. Color: Blanco. Características: Fácil de instalar - Cada estante tiene bocallaves pre-perforados y le proporcionamos las piezas que pueda necesitar. Para ti, la instalación es bastante rápida y fácil, toma menos de cinco minutos y sólo necesitas un destornillador y un martillo Guarda espacio para tu habitación - ¿Te molesta el caos que hay en tu habitación? Algo de conexión de pared que pueden instalar ellos mismos en la pared, puede crear ese importante espacio extra. S: 30*15*10cm, M: 45,2*15*10 cm, L: 60,2*15*10cm, Con estosestanteria pared de pared STOREMIC puede dar más espacio en su apartamento para ordenar la habitación desordenada No sólo más espacio, sino también una decoración - Los baldas pared STOREMIC tienen líneas limpias, lucen muy modernos y son lo suficientemente profundos para ser útiles. Así que no te limites a tu ubicación habitual, usa tu imaginación, organiza combinaciones creativas para aportar más diseños a tu estilo de vida Muy buena calidad - el tablero de estantería pared STOREMIC está hecho de madera MDF, por lo que el repisas de pared de la pared es ignífugo, resistente al calor, a la humedad, más resistente a la abrasión que los estantes enchapados normales y no se deforma fácilmente. Por lo tanto, puede instalar y utilizar los estanterias pared en cualquier lugar con confianza Adecuado para la mayoría de las paredes - No importa si lo instalas alrededor de la pared de madera, de yeso o de hormigón. Instalar el estante alrededor de estas paredes es muy adecuado. ¿Qué necesitas hacer? Sólo tienes que elegir los tornillos adecuados de acuerdo a tu necesidad"
54,38249,B071S374G9,0.7469160556793213,KES,"KES Estanteria Ducha Negro Estanteria Baño sin Taladro Acero Inoxidable Estante Pared 2 Piezas 30CM, BSC205S30ADM-BK-P2","KES Estanteria Ducha Negro Estanteria Baño sin Taladro Acero Inoxidable Estante Pared 2 Piezas 30CM, BSC205S30ADM-BK-P2. Marca: KES. Color: Negro Mate. Características: Dos Opciones de Instalación: use el paquete sin taladros incluido para instalar este estanteria baño en minutos. Montaje RÁPIDO y FÁCIL, NO se necesitan taladros, NO dañan la pared. También puede elegir una instalación de montaje con tornillos con tornillos de acero inoxidable en el paquete. A Prueba de óxido: la estanteria ducha negra KES está fabricada con acero inoxidable de primera calidad tipo 304, lo que protege contra la corrosión y el óxido y necesita un mantenimiento trivial. Adecuado para ambientes húmedos como baño y cocina. Heavy Duty: Construcción totalmente metálica, lo que garantiza calidad y longevidad El estanteria plano con borde alto evita que los artículos de ducha se caigan. Carga máxima: 5 KG. Ahorro de Espacio: longitud adicional de 11.8 pulgadas (300 mm). El estanteria pared ofrece un gran espacio de almacenamiento. Mantenga el champú, el jabón y otros artículos de baño a mano en este estanteria de ducha. Aplicar al baño, cocina, lavabo y dormitorio, etc. Tornillo Oculto: todos los tornillos vienen con tapas decorativas. Los tornillos son invisibles después de la instalación, aspecto hermoso y elegante.. Descripción: <b>ESPECIFICACIONES</b> <br/> <b>-Material: </b>Acero Inoxidable SUS304<br/> <b>-Acabado: </b>Negro Mate<br/> <b>-Instalación: </b>Montado en la Pared<br/> <b>-Longitud Total: </b>300 mm<br/> <b>-Máx.Carga: </b>5 KG (11 lb)<br/><br/> <b>El Paquete Incluye</b> <br/> Estanteria Ducha X2<br/> Paquete de Hardware X2<br/> Paquete Sin Taladro X2<br/><br/>"
55,38249,B087QYF1WC,0.742382287979126,Pipishell,"Pipishell Baldas Pared, Estanteria de Pared de 3 Niveles, Estante Pared de Madera,Ideal para Dormitorio, Sala de Estar, Estudio, la Sala de Estar, la Oficina en el Hogar, etc","Pipishell Baldas Pared, Estanteria de Pared de 3 Niveles, Estante Pared de Madera,Ideal para Dormitorio, Sala de Estar, Estudio, la Sala de Estar, la Oficina en el Hogar, etc. Marca: Pipishell. Color: Rústico. Características: 【Decorativo y Útil】- Estos baldas pared se pueden utilizar como estantes de almacenamiento, estantes de exhibición montados en la pared. Los estanteria pared no solo mejoran el toque estético de muchos hogares contemporáneos, sino que también sirven de una decoración encantadora que se adapta a muchos estilos de diseño de una habitación, agregando un toque agradable a su habitación 【UN CONJUNTO DE 3 ESTANTES】- Grande: 42x 15x 1.8 cm, Medio: 36 x 15 x 1.8 cm, Pequeño: 29 x 15 x 1.8 cm. El estantería flotante es diseñado para instalar en diferentes orientaciones y tres tamaños diferentes disponibles que se pueden organizar para diferentes estilos de diseño como desee 【Material de Calidad】 - Hecho de madera de paulownia, que es ligero y fuerte. Tiene la ventaja de resistencia a la humedad, resistencia a la envoltura, resistencia al desgaste y posee textura hermosa. Es adecuada para el baño, el dormitorio, la sala de estar, la cocina, la lavandería, la oficina en el hogar, el inodoro, etc 【Sólido y Resistente】- Compuesto de tableros de madera robusta y soportes metálicos de construcción sólida, así que puede soportar un peso de hasta 20 kg en cada estante. Puede exhibir cualquier artículo pequeño como quiera, por ejemplo velas, marcos, coleccionables, libros, juguetes, obras de arte, trofeos, plantas pequeñas, artículos de cocina y más 【Montaje simple】- Nuestros estantes vienen con todos los componentes que pueda necesitar. Y es fácil para montar, incluso para un novato"
56,38249,B08CDNV942,0.7412344217300415,STOREMIC,"STOREMIC Estanteria Pared, Baldas Pared Blanca 40cm de 3 Niveles, estante decorativo fácil de instalar, Ideal para Dormitorio, Baño, Oficina en casa, Sala de estar","STOREMIC Estanteria Pared, Baldas Pared Blanca 40cm de 3 Niveles, estante decorativo fácil de instalar, Ideal para Dormitorio, Baño, Oficina en casa, Sala de estar. Marca: STOREMIC. Color: Blanco. Características: Fácil de montar: puede montar fácilmente los estantes de pared con la descripción de las instrucciones en unos minutos, porque el estante de pared Storemic ofrece todos los accesorios que necesita Diseño simple y flexible: el estante blanca de pared es una estructura simple de una sola línea, pero los estanteria pared de pared negros mate no solo pueden hacer que su hogar sea más moderno, sino que también se adaptan a diferentes diseños de apartamentos. Los paneles de pared consiguen un aspecto perfecto y organizado de cada habitación Robusto y duradero: el estanteria pared Storemic está hecho de madera MDF, por lo que el estante de pared es ignífugo, resistente al calor y a la humedad, que no se deforma fácilmente. En el estanteria madera de la pared también hay dos pequeñas piezas de plástico que pueden evitar temblores. El estanteria pared puede poner muchas cosas pequeñas en el estante de la pared durante mucho tiempo, pero el más pesado no supera los 9 kg Adecuado para diferentes paredes: no importa si se trata de una pared, un panel de yeso o una pared de hormigón. El estanteria pared blanca para la pared también se puede instalar fácilmente. Todo lo que tiene que hacer es elegir los pernos correctos según sea necesario MÁS PROPÓSITOS: puede combinar los estanteria pared entre sí o colgarlos individualmente como desee. Entonces puede descubrir varios propósitos del borad montado en la pared"
57,38249,B07WT1ZWG3,0.7408928871154785,GRICOL,Gricol Estante para Esquinas de Ducha Sin Taladrar de Aluminio Aeronáutico Estanteria para Ducha Antioxidante Autoadhesivo con Ganchos para Artículos de Baño 2 Piezas (Negro),"Gricol Estante para Esquinas de Ducha Sin Taladrar de Aluminio Aeronáutico Estanteria para Ducha Antioxidante Autoadhesivo con Ganchos para Artículos de Baño 2 Piezas (Negro). Marca: GRICOL. Color: Negro. Características: 【Material de alta calidad】 Estante hecho de aluminio 6063 Space de alta calidad con un acabado mate, resistente al agua y al óxido, que garantiza resistencia y longevidad. 【Instalación sin perforar】 Instale fácilmente el estante en la pared con la pegatina, sin dañar la pared. (También suministramos el paquete de hardware para perforar) 【Ahorro de espacio 】 El espacio de almacenamiento puede contener champú, gel de ducha, jabón y otros artículos de tocador, puede contener hasta 10 kg, los orificios de drenaje mantienen la bandeja seca y fácil de limpiar. 【Amplia aplicación】 El estante de ducha se puede instalar en baños, inodoros, cocinas, inodoros, etc. 【Fácil de quitar】 Si necesita cambiar la ubicación de instalación, simplemente use un secador de pelo para soplar la pegatina durante aproximadamente 30 segundos, puede quitarla fácilmente y reemplazarla en otra ubicación."
58,38249,B07WV31K2S,0.7398686408996582,GRICOL,GRICOL Estante de Ducha Sin Taladrar en Aluminio Aeronautico Rectangular Estanteria Baño Autoadhesivas Antioxidantes con Jabonera Organizador de Esponja para Baño Cocina (Negro),"GRICOL Estante de Ducha Sin Taladrar en Aluminio Aeronautico Rectangular Estanteria Baño Autoadhesivas Antioxidantes con Jabonera Organizador de Esponja para Baño Cocina (Negro). Marca: GRICOL. Color: Negro. Características: Sin Perforación y Sin Daños: Instale fácilmente el estante en la pared con la pegatina, sin dañar la pared. (También proporcionamos el paquete de hardware para perforar si desea instalar en paredes irregulares). Excelente Material y Diseño Moderno: Hecho de aluminio espacial 6063 con un acabado mate con una apariencia moderna, impermeable y a prueba de herrumbre. Ahorro de Espacio: Almacenamiento tiene una longitud de 330 mm que ofrece un gran espacio de almacenamiento que puede contener fácilmente champú, gel de ducha, jabón y otros artículos de tocador. Puede soportar hasta 10 kg. Fácil de quitar: Si necesita cambiar la ubicación de instalación, solo use un secador de pelo para soplar la pegatina durante aproximadamente 30 segundos, puede quitarla fácilmente y reemplazarla en otra ubicación. Jabonera Separada: Jabonera y esponja para uso separado, ideal para baño, inodoro, cabina, cocina donde se necesita."
59,38249,B08FMH2YHQ,0.7348262071609497,PNNP,"PNNP Estanterias de Pared Set de 3 Estantes Flotantes, Estanterias Metalicas Almacenaje, Decoración Pared, para Dormitorio, Salón, Cocina, Oficina,Baño(Negro con Tablero de Madera)","PNNP Estanterias de Pared Set de 3 Estantes Flotantes, Estanterias Metalicas Almacenaje, Decoración Pared, para Dormitorio, Salón, Cocina, Oficina,Baño(Negro con Tablero de Madera). Marca: PNNP. Color: Negro. Características: ✅【Establecer combinación】 3 bastidores flotantes de diferentes tamaños, el borde más grande es 43x13x16cm, seguido de 33x12x15cm, el borde más pequeño es 23x11x14cm y está equipado con 8 tornillos de expansión, 6 ganchos, 6 clavos sin rastro. La capacidad de carga del tornillo de expansión es de aproximadamente 10 kg, la carga del gancho adhesivo es de aproximadamente 4 kg y el peso del clavo sin rastro es de aproximadamente 5 kg. Utilice el hardware ensamblado provisto para la ins ✅【Material de Alta Calidad y Ecológico】Hechos a base de madera respetuosa con el Medio Ambiente y estanterias metalicas， Bañado en laca de alta calidad y brillo la superficie es lisa y resistente al agua y la humedad.La superficie de la estanterias pared es muy duradera y es particularmente fácil de limpiar. ✅【Decoración de Pared】Este estante pared funcional está lleno de modernidad y diseño y se puede utilizar en diferentes estilos de espacio para almacenar obras de arte personales, objetos pequeños, plantas y libros.le da un estilo moderno, tradicional, industrial, rústico o natural con un aspecto sofisticado y rústico. ✅【Ahorro de Espacio】Estanterias de pared set de 3 ,puede acomodar múltiples objetos con una buena vista del espacio,los estanterias metalicas pueden crear una sensación adicional de espacio sin ocupar espacio, prácticos estantes de pared adecuados para estudios, dormitorios o salas de estar pequeñas, fáciles de adaptar a sus necesidades. ✅【Instalación de 3 tipos】 Hay 3 tipos que puede elegir para instalar los estantes. Gancho adhesivo adhesivo adecuado para paredes lisas, el peso máximo es de 5 kg; No hay clavos para marcar adecuados para pintar paredes con látex, el peso máximo es de 5 kg; Tornillos de expansión adecuados para paredes solitarias o superficies rugosas y resistentes, el peso máximo es de 10 kg."
60,43240,B08DKWQD8R,0.8124982118606567,Eono,Eono by Amazon Funda Compatible con iPad Air 4 2020 de 10.9” [Funda Shell Trasera] [Mate Transparente][Funda Fina y Rígida] [Compatible con iPad Air 4] – Translúcida,"Eono by Amazon Funda Compatible con iPad Air 4 2020 de 10.9” [Funda Shell Trasera] [Mate Transparente][Funda Fina y Rígida] [Compatible con iPad Air 4] – Translúcida. Marca: Eono. Características: COMPATIBILIDAD - Compatible con iPad Air 4 10.9"" (2020). No es compatible con ningún otro modelo de iPad. FINA Y LIGERA: El fino PC protege sin añadir volumen. Su simple diseño translúcido muestra el aspecto original de tu iPad. PROTECCIÓN MEJORADA: Funda rígida resistente para una protección que no dejará marcas en tu iPad. COMPATIBLE CON EL PENCIL 2: Especialmente diseñada para poder emparejar y cargar magnéticamente tu Pencil 2 con la funda puesta. AJUSTE PERFECTO: Sus recortes a medida permiten un acceso completo a los altavoces, puertos, cámara y Touch ID. Las cubiertas de sus botones son fáciles de presionar y ayudan a evitar el polvo."
61,43240,B08GY7NPYN,0.8066302537918091,Procase,"ProCase Funda para Nuevo iPad Air 4 10.9"" 2020 Modelo A2324 A2072 A2316 A2325, Carcasa Trasera Rígida Delgada con Tapa Inteligente para iPad Air 4.ª Generación 10.9 Pulgadas Versión 2020 -Azul Marino","ProCase Funda para Nuevo iPad Air 4 10.9"" 2020 Modelo A2324 A2072 A2316 A2325, Carcasa Trasera Rígida Delgada con Tapa Inteligente para iPad Air 4.ª Generación 10.9 Pulgadas Versión 2020 -Azul Marino. Marca: Procase. Color: Azul Marino. Características: 🚩Estuche delgado para iPad Air 4 10.9"" 2020 (Modelos: A2324/A2072/A2316/A2325). No compatible con ningún otro dispositivo. OJO: Configure Primero su Touch ID Antes de Insertar el iPad en la funda. Comprueba la parte inferior trasera de tu iPad para encontrar el número de modelo 🚩El diseño de respaldo duro y liviano agrega un volumen mínimo al tiempo que ofrece a su dispositivo una gran protección contra caídas y golpes accidentales 🚩La cubierta posterior esmerilada translúcida le permite ver el ícono de Apple a través de su color favorito y proteger su dispositivo contra huellas dactilares y rasguños mientras tanto 🚩Diseño clásico y profesional; Acceso completo a todas las funciones (cámaras, altavoz, puertos y botones), pero NO es compatible con el teclado inteligente en este caso 🚩Admite la función de conexión y CARGA de Apple Pencil 2ª generación; Admite la función Auto Activación / Suspensión; El imán asegura el cierre de la caja, fácil de poner y quitar"
62,43240,B08KTS1FZT,0.8012550473213196,KHOMO,"KHOMO Funda iPad Air 4, 10.9 2020 Origami Smart Cover Tapa Delantera y Carcasa Semi Transparente Trasera Soporte Vertical y Horizontal - Negro","KHOMO Funda iPad Air 4, 10.9 2020 Origami Smart Cover Tapa Delantera y Carcasa Semi Transparente Trasera Soporte Vertical y Horizontal - Negro. Marca: KHOMO. Color: Negro. Características: ✔️✔️ Por favor comprueba la compatibilidad primero – Compatible solo con iPad Air de 4ª generación de 10,9 pulgadas (lanzado en octubre de 2020). ✔️ Diseño inteligente con una capa exterior ultra delgada (solo 0.3,8mm) ofrece una protección duradera pero ligera, protección contra arañazos, forro interior suave que proporciona protección completa de la pantalla. ✔️ Múltiples ángulos posiciones horizontales y verticales Se pliega para ver cómodamente películas y vídeos o colocarlo en un ángulo más bajo y ergonómico para escribir. Es fácil obtener siempre la vista correcta."
63,43240,B08JCFN672,0.8001499772071838,HBorna,"HBorna Funda para 10.9"" iPad Air 4 2020 Carcasa Case - Clear TPU Silicone Back Case Anti Slip Shockproof Bumper Protector for iPad 10.9 [Compatible with Pencil 2nd Gen Charging], Transparente","HBorna Funda para 10.9"" iPad Air 4 2020 Carcasa Case - Clear TPU Silicone Back Case Anti Slip Shockproof Bumper Protector for iPad 10.9 [Compatible with Pencil 2nd Gen Charging], Transparente. Marca: HBorna. Color: transparente. Características: 100% Compatible para el nuevo 10.9 inch iPad Air 4th Generación 2020 Tableta (Modelo: A2324, A2072). NO Compatible with Apple Smart Cover y Keyboard Cover. La buena calidad del material de TPU le da a su iPad una apariencia elegante. La protección ideal contra arañazos, polvo. Elegante y duradero, fácil de instalar y quitar alta calidad. Ultra delgado y ligera, no notará que la lleva puesta. También te da un toque cómodo. Un fácil acceso a los altavoces, botones de volumen, el cargador y la cámara. Estuche perfecto para iPad Air 4a generación (10.9"" 2020). Admite el accesorio magnético Pencil de 2.a generación y la carga inalámbrica. Pero primero quítese la funda / estuche Pencil."
64,43240,B08LYB2GP9,0.8000719547271729,SupCase,SupCase Funda iPad Air 4 10.9 Inch (2020) [Unicorn Beetle Pro Series] 360 Carcasa Completa con Soporte para Carga de Lápiz de Apple Y Protector de Pantalla Incorporado (Negro),"SupCase Funda iPad Air 4 10.9 Inch (2020) [Unicorn Beetle Pro Series] 360 Carcasa Completa con Soporte para Carga de Lápiz de Apple Y Protector de Pantalla Incorporado (Negro). Marca: SupCase. Color: Negro. Características: Funda Compatible con iPad Air 4 (4ª Generación) iPad 10,9"" 2020 El soporte para lápiz de Apple incorporado facilita la extracción y el almacenamiento del lápiz (no incluye el lápiz de Apple) Protector de pantalla inlucido que previene los rasguños sin comprometer la sensibilidad táctil Funda de doble capa resistente a los golpes con carcasa rìgida para PC y Forro de TPU flexible que brinda proteccion contra caidas, golpes e impactos accidentales El soporte de pie de apoyo le permite acceder fácilmente a sus programas, peliculas y juegos favoritos mientras viaje"
65,43240,B08G42DW2L,0.7983719110488892,TiMOVO,"TiMOVO Funda Compatible con Nuevo iPad Air 4ª Generación, iPad Air 10.9'' 2020, [Admitir Touch ID & Carga del iPencil] Delgada Carcasa Protectora de TPU Transparente con 4 Colchones de Aire, Claro","TiMOVO Funda Compatible con Nuevo iPad Air 4ª Generación, iPad Air 10.9'' 2020, [Admitir Touch ID & Carga del iPencil] Delgada Carcasa Protectora de TPU Transparente con 4 Colchones de Aire, Claro. Marca: TiMOVO. Características: Diseñado a personalizado para su preciada Nuevo iPad 10.9 inch, iPad Air 4.ª Generación 2020 (Número de modelo: A2072 / A2316 / A2324 / A2325). Equipado con la avanzada de cáscara dura de policarbonato + TPU flexible y 1 capa de anti-arañazo protector de pantalla completa. La funda protectora resistente con doble capa ofrecen una protección a las caídas, golpes y choques. 4 esquinas de colchón de aire pueden proporcionar protección adicional contra caídas, lo que lo hace tener una protección extrema contra caídas con la absorción adicional de impacto. La funda tiene los recortes precisos. Se cargará inmediatamente cuando se conecte al 2nd Gen ipencil sin necesidad de quitar la funda. Y es compatible con la función de desbloqueo de Touch ID. La funda protectora elegante y delgada hace que el ipad se vea como su tamaño original sin afectar la belleza. Y fácil de sostener y transportar, puede brindarle una experiencia cómoda y portátil.. Descripción: <p><strong>Compatibilidad:</strong></p><p><br/></p><p>Diseño personalizado para su preciada Nuevo iPad 10.9 inch, iPad Air 4.ª Generación 2020 (Número de modelo: A2072 / A2316 / A2324 / A2325), esta TiMOVO Funda ofrece una combinación de funcionalidad y estilo.</p><p>Bien construido para proteger su iPad 10.8-inch.</p><p><br/></p><p><strong>Descripción del Producto:</strong></p><p><br/></p><p>La funda de TPU suave es durable, ligero y protector. Y Tiene los recortes precisos, es compatible con la función de desbloqueo de Touch ID.</p><p>Se puede reducir la probabilidad de arañazos y caídas.</p><p>El diseño humanizado protege su preciosa tableta perfectamente con una mirada pasada de moda.</p><p>Frente hendidura de los bordes de la pantalla para protegerla cuando se pone cara abajo.</p><p>El diseño único de corte preciso y esquinas reforzadas que permite un fácil acceso a todos los botones, controles y puertos sin tener que quitar la tapa.</p>"
66,43240,B08DXHWQZC,0.789764940738678,ZtotopCase,"ZtotopCase Funda para iPad Air 4 10.9"" 2020/ iPad Pro 11 2018, Carcasa Trasera de Silicona Suave, con Portalápices, Negro","ZtotopCase Funda para iPad Air 4 10.9"" 2020/ iPad Pro 11 2018, Carcasa Trasera de Silicona Suave, con Portalápices, Negro. Marca: ZtotopCase. Color: Nero. Características: Diseñado exclusivamente para iPad Air 4 10.9 ""2020 / iPad pro 11 2018, NO para otros modelos de iPad. (Consulte la parte posterior del iPad para verificar el modelo antes de comprarlo). Ranura para Apple Pencil incorporada: puede llevar Apple Pencil en cualquier momento y en cualquier lugar para un uso conveniente. Protección para todo el cuerpo: la cubierta trasera de silicona líquida suave puede proteger el iPad 10.9 de los impactos, lo cual es seguro y ecológico. El forro de microfibra suave y la capa exterior de cuero PU pueden evitar que la tableta se raye. El diseño de tres pliegues, el imán incorporado, puede fijar el soporte de tres pliegues, proporcionar una entrada de teclado más cómoda y una experiencia de visualización de películas. brindamos 180 días de servicio al cliente, no dude en contactarnos, le brindaremos un servicio de calidad."
67,43240,B08MSR1SJS,0.7896036505699158,Procase,"ProCase Funda con Protector de Pantalla para Nuevo iPad Air 4 10,9"" 2020, Carcasa Delgada con Tapa Inteligente y Protector Vidrio Templado para iPad Air 4 Generación 2020 A2324/A2072/A2316/A2325-Rosa","ProCase Funda con Protector de Pantalla para Nuevo iPad Air 4 10,9"" 2020, Carcasa Delgada con Tapa Inteligente y Protector Vidrio Templado para iPad Air 4 Generación 2020 A2324/A2072/A2316/A2325-Rosa. Marca: Procase. Color: Rosa. Características: 🍅【Diseño Único】Estuche Delgado para iPad Air 4ª Generación 2020 10.9"" 2020 (Modelos：A2324/A2072/A2316/A2325).No es compatible con otros dispositivos.Compruebe la parte inferior trasera de su iPad para encontrar el número de modelo ""A ***"" antes de comprar 🍅【Ultra Delgada】 El diseño liviano de la parte posterior dura agrega un volumen mínimo al tiempo que ofrece a su dispositivo una gran protección contra caídas y golpes accidentales 🍅【Translúcido Posterior】La cubierta trasera esmerilada translúcida le permite ver el ícono de Apple a través de su color favorito y proteger su dispositivo contra huellas dactilares y rasguños mientras tanto 🍅【Protector de Pantalla de Vidrio Templado】Viene con un protector de pantalla de vidrio templado adicional para iPad Air 4th Gen; Instalar fácilmente y sin burbujas; Alta definición con 99.9% de transparencia, protege eficazmente toda la pantalla 🍅【Recortes Precisos】Acceso completo a todas las funciones (cámaras, altavoces, puertos y botones). Apoya la función suspensión/activación automática. Descripción: Compatibilidad: Compatible con iPad Air 4th Generation 10.9 Inch 2020 lanzado SOLAMENTE, no compatible con ningún otro modelo de iPad."
68,43240,B08MQ42Z6P,0.789122998714447,INFILAND,"INFILAND Funda Case para iPad Air 4 Generación,iPad 10.9 Inch 2020 Cover Soporte,[Auto-Reposo/Activación Cubierta] [Espalda translúcida mate] [Carcasa Ligera] [Ultra Delgada Estuche],Plateado","INFILAND Funda Case para iPad Air 4 Generación,iPad 10.9 Inch 2020 Cover Soporte,[Auto-Reposo/Activación Cubierta] [Espalda translúcida mate] [Carcasa Ligera] [Ultra Delgada Estuche],Plateado. Marca: INFILAND. Color: Plateado*. Características: [Compatibilidad] Diseñado para iPad Air 4.ª Generación 10.9 Inch 2020. NO funcionará para ningún otro modelo de dispositivo. [Delgado, Fresco, Elegante] 100% nueva, delgada, diseño único, ligera, y perfecta. Con colores brillantes y una carcasa delgada translúcida. [Protección Integral] TPU soft shell design.Cuatro esquinas tienen un diseño de colchón de aire de absorción de impactos. Sin preocuparse por rayones caídas o colisiones. [Eficiente e Inteligente] Con la función de suspensión / activación automática, puede mejorar la eficiencia del consumo de electricidad. Compatible con Pencil 2. [Soporte de múltiples ángulos] Se proporcionan múltiples ángulos para satisfacer sus necesidades de visualización y escritura, libere sus manos para otros entretenimientos.. Descripción: <b>Funciones:</b><br> Está hecho de cuero sintético de alta calidad, que puede brindar una protección integral a su tableta, sin preocuparse por arañazos, caídas y colisiones.<br> La cámara, los altavoces, los botones físicos y otros puertos tienen cortes perfectos.<br> Este es un artículo imprescindible para todos los propietarios de iPad Air 4 10,9 2020<br><br> <b>Notas:</b><br> Funda Case para iPad Air 4 10,9 2020<br> Debido a la configuración de luz y color, el color puede ser ligeramente diferente al de la imagen real del producto.<br><br>"
69,43240,B08LVQPZQD,0.7871103286743164,INFILAND,"INFILAND Funda Case para iPad Air 4 Generación,Cover Carcasa Resistente Antigolpes para iPad 10.9 Inch 2020,[Auto-Reposo/Activación Cubierta] [a Prueba de Golpes] [Ultra Delgada Estuche],Azul Oscuro","INFILAND Funda Case para iPad Air 4 Generación,Cover Carcasa Resistente Antigolpes para iPad 10.9 Inch 2020,[Auto-Reposo/Activación Cubierta] [a Prueba de Golpes] [Ultra Delgada Estuche],Azul Oscuro. Marca: INFILAND. Color: Azul Oscuro. Características: [Compatibilidad] Diseñado para iPad Air 4.ª Generación 10.9 Inch 2020 (Modelos: A2072/A2316/A2324/A2325). NO funcionará para ningún otro modelo de dispositivo. [Diseño de cojín de aire de malla de panal] que puede liberar más del 80% del calor, acelerar la disipación de calor, extender la vida útil de iPad Air 4 10.9 Inch 2020 y proporcionar un mejor rendimiento de absorción de impactos. [Protección completa] Es superprotector y puede ser perfectamente compatible con el Apple Pencil 2 y protegerlo sin preocuparse por arañazos, caídas o colisiones. [Eficiente e Inteligente] Con la función de suspensión / activación automática, puede mejorar la eficiencia del consumo de electricidad. [Soporte de múltiples ángulos] Se proporcionan múltiples ángulos para satisfacer sus necesidades de visualización y escritura, libere sus manos para otros entretenimientos.. Descripción: <b>Funciones:</b><br> Está hecho de cuero sintético de alta calidad, que puede brindar una protección integral a su tableta, sin preocuparse por arañazos, caídas y colisiones.<br> La cámara, los altavoces, los botones físicos y otros puertos tienen cortes perfectos.<br> Este es un artículo imprescindible para todos los propietarios de iPad Air 4.ª Generación 10.9 Inch 2020<br><br> <b>Notas:</b><br> Funda Case para iPad Air 4.ª Generación 10.9 Inch 2020 (Modelos: A2072/A2316/A2324/A2325)<br> Debido a la configuración de luz y color, el color puede ser ligeramente diferente al de la imagen real del producto.<br><br>"
70,61533,B01I5JVBZK,0.8144622445106506,Litoral,LITORAL Hoy Legumbres Lentejas con su sofrito - Plato Preparado Sin Gluten - Pack de 5x435g,LITORAL Hoy Legumbres Lentejas con su sofrito - Plato Preparado Sin Gluten - Pack de 5x435g. Marca: Litoral. Características: Contiene lentejas cocidas y salsa sofrito Plato preparado con ingredientes naturales No contienen gluten ni aditivos Un plato típico de la gastronomía española
71,61533,B079ZYKLFD,0.8047361373901367,Litoral,LITORAL Vegetal Lentejas con Verduras - Plato Preparado Sin Gluten - Paquete de 10x430g - Total: 4.3kg,"LITORAL Vegetal Lentejas con Verduras - Plato Preparado Sin Gluten - Paquete de 10x430g - Total: 4.3kg. Marca: Litoral. Características: LITORAL Vegetal Lentejas con deliciosa receta ligera y verduras españolas Receta 100% vegetal, baja en grasa y sin gluten, ni aditivos Disfruta de una receta práctica y saludable; con la calidad de LITORAL Apto para dietas vegetarianas Disponible en formato lata: 430g"
72,61533,B00WGOY7O8,0.8018460869789124,Litoral,"LITORAL Plato Preparado de Lentejas Riojana, Sin Gluten, 430g","LITORAL Plato Preparado de Lentejas Riojana, Sin Gluten, 430g. Marca: Litoral. Características: LITORAL Lentejas Riojana con un selecto embutido elaborado en Asturias Ingredientes 100% naturales sin gluten; ni aditivos Disfruta de un plato típico de la cocina casera española; con la calidad de LITORAL Fuente natural de fibra. Disponible en formato lata: 430g"
73,61533,B01M31TMH8,0.8009870052337646,NaturGreen,"NaturGreen - Lentejas Rojas Bio, Agricultura Ecólogica, Sin Gluten, Sin Lactosa, Bajo Contenido en Sal, 500 G","NaturGreen - Lentejas Rojas Bio, Agricultura Ecólogica, Sin Gluten, Sin Lactosa, Bajo Contenido en Sal, 500 G. Marca: NaturGreen. Características: Las lentejas rojas son especialmente ligeras y se cocinan rápidamente, quedando suaves y cremosas. Este paquete contiene 500 gramos de lenteja roja. Ingredientes: Lenteja roja (100%). Ingrediente procedente de la Agricultura Ecológica. Este producto se fabrica en una planta donde se manipulan frutos secos, soja y sésamo. Modo de empleo: Poner 1 taza de lentejas por cada 2-3 tazas de agua y cocer según su gusto. No es necesario ponerlas a remojo. Pruébelas en sus cremas y salsas. Almacenar en lugar fresco y seco. Las lentejas rojas son especialmente ligeras y se cocinan rápidamente, quedando suaves y cremosas."
74,61533,B01MSTVEZN,0.8007222414016724,Litoral,LITORAL Lentejas Riojana - Plato Preparado de Lentejas Riojana Sin Gluten - Pack de 6x430 g,LITORAL Lentejas Riojana - Plato Preparado de Lentejas Riojana Sin Gluten - Pack de 6x430 g. Marca: Litoral. Características: LITORAL Lentejas Riojana con un selecto embutido elaborado en Asturias Ingredientes 100% naturales sin gluten; ni aditivos Disfruta de un plato típico de la cocina casera española; con la calidad de LITORAL Fuente natural de fibra Disponible en formato lata: 430g
75,61533,B07QB8484Y,0.7967991828918457,Litoral,"LITORAL Plato Preparado de Lentejas Riojana, Sin Gluten, 425g","LITORAL Plato Preparado de Lentejas Riojana, Sin Gluten, 425g. Marca: Litoral. Características: Selecto embutido elaborado en Asturias Ingredientes 100% naturales sin gluten, ni aditivos Lentejas riojana con 30% menos de grasa y sal Fuente natural de fibra Disfruta de un plato típico de nuestra gastronomía, con la calidad de LITORAL"
76,61533,B07FNQ3DHK,0.7914997339248657,Casa Amella,"Casa Amella, Lentejas Ecológicas - 6 de 330gr","Casa Amella, Lentejas Ecológicas - 6 de 330gr. Marca: Casa Amella. Características: Sin gluten, sin huevo, sin lactosa, bajo en sal y apto para veganos. País de origen: España Ingredientes: Lentejas pardinas, caldo residual “agua de cocción” y sal marina. De agricultura ecológica Mantener en un lugar fresco y seco Receta elaborada con lentejas de campaña y de agricultura ecológica."
77,61533,B07QB8484X,0.7907317876815796,Litoral,"LITORAL Super Alimentos Plato Preparado de Lentejas, Quinoa y Chía, Sin Gluten, 415g","LITORAL Super Alimentos Plato Preparado de Lentejas, Quinoa y Chía, Sin Gluten, 415g. Marca: Litoral. Características: Lentejas con quínoa y chía 100% ingredientes naturales, sin conservantes ni colorantes Fuente de proteínas, fibra, hierro, magnesio y potasio Aptas para vegetarianos, veganos y dietas sin gluten La forma más ligera y saludable de comer legumbres"
78,61533,B0837V9T36,0.7891733646392822,Probio 7,Harina de lentejas rojas sin gluten BIO 450 g - PROBIO,"Harina de lentejas rojas sin gluten BIO 450 g - PROBIO. Marca: Probio 7. Características: Ingrediente orgánico Producto vegetariano Producto vegano Producto natural No contiene gluten. Descripción: INGREDIENTES Harina de lentejas * (* ingrediente orgánico) DESCRIPCIÓN La harina de lentejas es ideal para espesar platos de carne, verduras y sopas, para hornear galletas, muffins, empanar o preparar pasteles y panqueques. Valor nutricional en 100 g. Valor energético: 1580 kJ / 378 kcal Grasas: 1,7 g Ácidos grasos saturados: 0,0 g Hidratos de Carbono: 67 g Incluyendo azúcares: 0.0 g Fibra: 10 g Proteína: 24 g Sal: 0.02 g INFORMACIÓN DE ALÉRGENOS El producto puede contener sésamo. CONDICIONES RECOMENDADAS DE ALMACENAMIENTO Almacene a temperaturas de hasta 25 ° C y humedad relativa de hasta 70%."
79,61533,B085WY78SG,0.7848845720291138,Bio-leben,"Latas de Lentejas Verdes orgánicos austríacos 6x400g sin gluten, de lentejas verde-marrón Laird, 100% de Austria orgánicos calidad extra 2,4kg","Latas de Lentejas Verdes orgánicos austríacos 6x400g sin gluten, de lentejas verde-marrón Laird, 100% de Austria orgánicos calidad extra 2,4kg. Marca: Bio-leben"
